<annotation>
	<folder>my-project-name</folder>
	<filename>img140.jpg</filename>
	<path>/my-project-name/img140.jpg</path>
	<source>
		<database>Unspecified</database>
	</source>
	<size>
		<width>400</width>
		<height>600</height>
		<depth>3</depth>
	</size>
	<object>
		<name>face</name>
		<pose>Unspecified</pose>
		<truncated>0</truncated>
		<difficult>0</difficult>
		<bndbox>
			<xmin>95</xmin>
			<ymin>7</ymin>
			<xmax>322</xmax>
			<ymax>296</ymax>
		</bndbox>
	</object>
	<object>
		<name>glasses</name>
		<pose>Unspecified</pose>
		<truncated>0</truncated>
		<difficult>0</difficult>
		<bndbox>
			<xmin>85</xmin>
			<ymin>119</ymin>
			<xmax>269</xmax>
			<ymax>192</ymax>
		</bndbox>
	</object>
</annotation>