<annotation>
	<folder>my-project-name</folder>
	<filename>img133.jpeg</filename>
	<path>/my-project-name/img133.jpeg</path>
	<source>
		<database>Unspecified</database>
	</source>
	<size>
		<width>328</width>
		<height>154</height>
		<depth>3</depth>
	</size>
	<object>
		<name>face</name>
		<pose>Unspecified</pose>
		<truncated>0</truncated>
		<difficult>0</difficult>
		<bndbox>
			<xmin>98</xmin>
			<ymin>2</ymin>
			<xmax>238</xmax>
			<ymax>124</ymax>
		</bndbox>
	</object>
	<object>
		<name>glasses</name>
		<pose>Unspecified</pose>
		<truncated>0</truncated>
		<difficult>0</difficult>
		<bndbox>
			<xmin>119</xmin>
			<ymin>22</ymin>
			<xmax>234</xmax>
			<ymax>62</ymax>
		</bndbox>
	</object>
</annotation>