<annotation>
	<folder>my-project-name</folder>
	<filename>img143.jpeg</filename>
	<path>/my-project-name/img143.jpeg</path>
	<source>
		<database>Unspecified</database>
	</source>
	<size>
		<width>300</width>
		<height>168</height>
		<depth>3</depth>
	</size>
	<object>
		<name>face</name>
		<pose>Unspecified</pose>
		<truncated>0</truncated>
		<difficult>0</difficult>
		<bndbox>
			<xmin>114</xmin>
			<ymin>6</ymin>
			<xmax>184</xmax>
			<ymax>89</ymax>
		</bndbox>
	</object>
	<object>
		<name>glasses</name>
		<pose>Unspecified</pose>
		<truncated>0</truncated>
		<difficult>0</difficult>
		<bndbox>
			<xmin>114</xmin>
			<ymin>40</ymin>
			<xmax>153</xmax>
			<ymax>58</ymax>
		</bndbox>
	</object>
</annotation>