<annotation>
	<folder>my-project-name</folder>
	<filename>img13.jpeg</filename>
	<path>/my-project-name/img13.jpeg</path>
	<source>
		<database>Unspecified</database>
	</source>
	<size>
		<width>183</width>
		<height>275</height>
		<depth>3</depth>
	</size>
	<object>
		<name>face</name>
		<pose>Unspecified</pose>
		<truncated>0</truncated>
		<difficult>0</difficult>
		<bndbox>
			<xmin>32</xmin>
			<ymin>17</ymin>
			<xmax>152</xmax>
			<ymax>165</ymax>
		</bndbox>
	</object>
	<object>
		<name>glasses</name>
		<pose>Unspecified</pose>
		<truncated>0</truncated>
		<difficult>0</difficult>
		<bndbox>
			<xmin>36</xmin>
			<ymin>76</ymin>
			<xmax>116</xmax>
			<ymax>110</ymax>
		</bndbox>
	</object>
</annotation>