<annotation>
	<folder>my-project-name</folder>
	<filename>img112.jpeg</filename>
	<path>/my-project-name/img112.jpeg</path>
	<source>
		<database>Unspecified</database>
	</source>
	<size>
		<width>168</width>
		<height>300</height>
		<depth>3</depth>
	</size>
	<object>
		<name>face</name>
		<pose>Unspecified</pose>
		<truncated>0</truncated>
		<difficult>0</difficult>
		<bndbox>
			<xmin>27</xmin>
			<ymin>39</ymin>
			<xmax>132</xmax>
			<ymax>194</ymax>
		</bndbox>
	</object>
	<object>
		<name>glasses</name>
		<pose>Unspecified</pose>
		<truncated>0</truncated>
		<difficult>0</difficult>
		<bndbox>
			<xmin>31</xmin>
			<ymin>96</ymin>
			<xmax>121</xmax>
			<ymax>142</ymax>
		</bndbox>
	</object>
</annotation>