<annotation>
	<folder>my-project-name</folder>
	<filename>img130.jpg</filename>
	<path>/my-project-name/img130.jpg</path>
	<source>
		<database>Unspecified</database>
	</source>
	<size>
		<width>612</width>
		<height>408</height>
		<depth>3</depth>
	</size>
	<object>
		<name>face</name>
		<pose>Unspecified</pose>
		<truncated>0</truncated>
		<difficult>0</difficult>
		<bndbox>
			<xmin>189</xmin>
			<ymin>96</ymin>
			<xmax>350</xmax>
			<ymax>277</ymax>
		</bndbox>
	</object>
	<object>
		<name>glasses</name>
		<pose>Unspecified</pose>
		<truncated>0</truncated>
		<difficult>0</difficult>
		<bndbox>
			<xmin>248</xmin>
			<ymin>151</ymin>
			<xmax>344</xmax>
			<ymax>188</ymax>
		</bndbox>
	</object>
</annotation>