<annotation>
	<folder>my-project-name</folder>
	<filename>img101.jpeg</filename>
	<path>/my-project-name/img101.jpeg</path>
	<source>
		<database>Unspecified</database>
	</source>
	<size>
		<width>259</width>
		<height>194</height>
		<depth>3</depth>
	</size>
	<object>
		<name>face</name>
		<pose>Unspecified</pose>
		<truncated>0</truncated>
		<difficult>0</difficult>
		<bndbox>
			<xmin>98</xmin>
			<ymin>13</ymin>
			<xmax>170</xmax>
			<ymax>99</ymax>
		</bndbox>
	</object>
	<object>
		<name>glasses</name>
		<pose>Unspecified</pose>
		<truncated>0</truncated>
		<difficult>0</difficult>
		<bndbox>
			<xmin>101</xmin>
			<ymin>50</ymin>
			<xmax>162</xmax>
			<ymax>67</ymax>
		</bndbox>
	</object>
</annotation>