<annotation>
	<folder>my-project-name</folder>
	<filename>img18.jpeg</filename>
	<path>/my-project-name/img18.jpeg</path>
	<source>
		<database>Unspecified</database>
	</source>
	<size>
		<width>318</width>
		<height>159</height>
		<depth>3</depth>
	</size>
	<object>
		<name>face</name>
		<pose>Unspecified</pose>
		<truncated>0</truncated>
		<difficult>0</difficult>
		<bndbox>
			<xmin>66</xmin>
			<ymin>4</ymin>
			<xmax>212</xmax>
			<ymax>130</ymax>
		</bndbox>
	</object>
	<object>
		<name>glasses</name>
		<pose>Unspecified</pose>
		<truncated>0</truncated>
		<difficult>0</difficult>
		<bndbox>
			<xmin>114</xmin>
			<ymin>32</ymin>
			<xmax>202</xmax>
			<ymax>77</ymax>
		</bndbox>
	</object>
</annotation>