<annotation>
	<folder>my-project-name</folder>
	<filename>img116.jpeg</filename>
	<path>/my-project-name/img116.jpeg</path>
	<source>
		<database>Unspecified</database>
	</source>
	<size>
		<width>275</width>
		<height>183</height>
		<depth>3</depth>
	</size>
	<object>
		<name>face</name>
		<pose>Unspecified</pose>
		<truncated>0</truncated>
		<difficult>0</difficult>
		<bndbox>
			<xmin>142</xmin>
			<ymin>0</ymin>
			<xmax>249</xmax>
			<ymax>129</ymax>
		</bndbox>
	</object>
	<object>
		<name>glasses</name>
		<pose>Unspecified</pose>
		<truncated>0</truncated>
		<difficult>0</difficult>
		<bndbox>
			<xmin>156</xmin>
			<ymin>44</ymin>
			<xmax>244</xmax>
			<ymax>81</ymax>
		</bndbox>
	</object>
</annotation>