<annotation>
	<folder>my-project-name</folder>
	<filename>img128.jpg</filename>
	<path>/my-project-name/img128.jpg</path>
	<source>
		<database>Unspecified</database>
	</source>
	<size>
		<width>700</width>
		<height>467</height>
		<depth>3</depth>
	</size>
	<object>
		<name>face</name>
		<pose>Unspecified</pose>
		<truncated>0</truncated>
		<difficult>0</difficult>
		<bndbox>
			<xmin>291</xmin>
			<ymin>123</ymin>
			<xmax>479</xmax>
			<ymax>345</ymax>
		</bndbox>
	</object>
	<object>
		<name>glasses</name>
		<pose>Unspecified</pose>
		<truncated>0</truncated>
		<difficult>0</difficult>
		<bndbox>
			<xmin>280</xmin>
			<ymin>196</ymin>
			<xmax>366</xmax>
			<ymax>242</ymax>
		</bndbox>
	</object>
</annotation>