<annotation>
	<folder>my-project-name</folder>
	<filename>img109.jpeg</filename>
	<path>/my-project-name/img109.jpeg</path>
	<source>
		<database>Unspecified</database>
	</source>
	<size>
		<width>200</width>
		<height>200</height>
		<depth>3</depth>
	</size>
	<object>
		<name>face</name>
		<pose>Unspecified</pose>
		<truncated>0</truncated>
		<difficult>0</difficult>
		<bndbox>
			<xmin>27</xmin>
			<ymin>10</ymin>
			<xmax>122</xmax>
			<ymax>121</ymax>
		</bndbox>
	</object>
	<object>
		<name>glasses</name>
		<pose>Unspecified</pose>
		<truncated>0</truncated>
		<difficult>0</difficult>
		<bndbox>
			<xmin>31</xmin>
			<ymin>58</ymin>
			<xmax>82</xmax>
			<ymax>85</ymax>
		</bndbox>
	</object>
</annotation>