<annotation>
	<folder>my-project-name</folder>
	<filename>img12.jpeg</filename>
	<path>/my-project-name/img12.jpeg</path>
	<source>
		<database>Unspecified</database>
	</source>
	<size>
		<width>275</width>
		<height>183</height>
		<depth>3</depth>
	</size>
	<object>
		<name>face</name>
		<pose>Unspecified</pose>
		<truncated>0</truncated>
		<difficult>0</difficult>
		<bndbox>
			<xmin>115</xmin>
			<ymin>19</ymin>
			<xmax>208</xmax>
			<ymax>121</ymax>
		</bndbox>
	</object>
	<object>
		<name>glasses</name>
		<pose>Unspecified</pose>
		<truncated>0</truncated>
		<difficult>0</difficult>
		<bndbox>
			<xmin>109</xmin>
			<ymin>62</ymin>
			<xmax>168</xmax>
			<ymax>78</ymax>
		</bndbox>
	</object>
</annotation>