<annotation>
	<folder>my-project-name</folder>
	<filename>img108.jpeg</filename>
	<path>/my-project-name/img108.jpeg</path>
	<source>
		<database>Unspecified</database>
	</source>
	<size>
		<width>194</width>
		<height>259</height>
		<depth>3</depth>
	</size>
	<object>
		<name>face</name>
		<pose>Unspecified</pose>
		<truncated>0</truncated>
		<difficult>0</difficult>
		<bndbox>
			<xmin>33</xmin>
			<ymin>70</ymin>
			<xmax>143</xmax>
			<ymax>188</ymax>
		</bndbox>
	</object>
	<object>
		<name>glasses</name>
		<pose>Unspecified</pose>
		<truncated>0</truncated>
		<difficult>0</difficult>
		<bndbox>
			<xmin>64</xmin>
			<ymin>106</ymin>
			<xmax>143</xmax>
			<ymax>140</ymax>
		</bndbox>
	</object>
</annotation>