<annotation>
	<folder>my-project-name</folder>
	<filename>img14.jpeg</filename>
	<path>/my-project-name/img14.jpeg</path>
	<source>
		<database>Unspecified</database>
	</source>
	<size>
		<width>278</width>
		<height>181</height>
		<depth>3</depth>
	</size>
	<object>
		<name>face</name>
		<pose>Unspecified</pose>
		<truncated>0</truncated>
		<difficult>0</difficult>
		<bndbox>
			<xmin>132</xmin>
			<ymin>43</ymin>
			<xmax>177</xmax>
			<ymax>91</ymax>
		</bndbox>
	</object>
	<object>
		<name>glasses</name>
		<pose>Unspecified</pose>
		<truncated>0</truncated>
		<difficult>0</difficult>
		<bndbox>
			<xmin>135</xmin>
			<ymin>64</ymin>
			<xmax>160</xmax>
			<ymax>74</ymax>
		</bndbox>
	</object>
</annotation>