<annotation>
	<folder>my-project-name</folder>
	<filename>img102.jpeg</filename>
	<path>/my-project-name/img102.jpeg</path>
	<source>
		<database>Unspecified</database>
	</source>
	<size>
		<width>300</width>
		<height>168</height>
		<depth>3</depth>
	</size>
	<object>
		<name>face</name>
		<pose>Unspecified</pose>
		<truncated>0</truncated>
		<difficult>0</difficult>
		<bndbox>
			<xmin>137</xmin>
			<ymin>14</ymin>
			<xmax>202</xmax>
			<ymax>93</ymax>
		</bndbox>
	</object>
	<object>
		<name>glasses</name>
		<pose>Unspecified</pose>
		<truncated>0</truncated>
		<difficult>0</difficult>
		<bndbox>
			<xmin>140</xmin>
			<ymin>39</ymin>
			<xmax>190</xmax>
			<ymax>60</ymax>
		</bndbox>
	</object>
</annotation>