<annotation>
	<folder>my-project-name</folder>
	<filename>img144.jpg</filename>
	<path>/my-project-name/img144.jpg</path>
	<source>
		<database>Unspecified</database>
	</source>
	<size>
		<width>1200</width>
		<height>673</height>
		<depth>3</depth>
	</size>
	<object>
		<name>face</name>
		<pose>Unspecified</pose>
		<truncated>0</truncated>
		<difficult>0</difficult>
		<bndbox>
			<xmin>361</xmin>
			<ymin>46</ymin>
			<xmax>815</xmax>
			<ymax>564</ymax>
		</bndbox>
	</object>
	<object>
		<name>glasses</name>
		<pose>Unspecified</pose>
		<truncated>0</truncated>
		<difficult>0</difficult>
		<bndbox>
			<xmin>494</xmin>
			<ymin>234</ymin>
			<xmax>787</xmax>
			<ymax>363</ymax>
		</bndbox>
	</object>
</annotation>