<annotation>
	<folder>my-project-name</folder>
	<filename>img129.jpeg</filename>
	<path>/my-project-name/img129.jpeg</path>
	<source>
		<database>Unspecified</database>
	</source>
	<size>
		<width>275</width>
		<height>183</height>
		<depth>3</depth>
	</size>
	<object>
		<name>face</name>
		<pose>Unspecified</pose>
		<truncated>0</truncated>
		<difficult>0</difficult>
		<bndbox>
			<xmin>78</xmin>
			<ymin>4</ymin>
			<xmax>130</xmax>
			<ymax>74</ymax>
		</bndbox>
	</object>
	<object>
		<name>glasses</name>
		<pose>Unspecified</pose>
		<truncated>0</truncated>
		<difficult>0</difficult>
		<bndbox>
			<xmin>88</xmin>
			<ymin>33</ymin>
			<xmax>122</xmax>
			<ymax>53</ymax>
		</bndbox>
	</object>
</annotation>