<annotation>
	<folder>my-project-name</folder>
	<filename>img111.jpg</filename>
	<path>/my-project-name/img111.jpg</path>
	<source>
		<database>Unspecified</database>
	</source>
	<size>
		<width>558</width>
		<height>992</height>
		<depth>3</depth>
	</size>
	<object>
		<name>face</name>
		<pose>Unspecified</pose>
		<truncated>0</truncated>
		<difficult>0</difficult>
		<bndbox>
			<xmin>57</xmin>
			<ymin>155</ymin>
			<xmax>414</xmax>
			<ymax>692</ymax>
		</bndbox>
	</object>
	<object>
		<name>glasses</name>
		<pose>Unspecified</pose>
		<truncated>0</truncated>
		<difficult>0</difficult>
		<bndbox>
			<xmin>77</xmin>
			<ymin>380</ymin>
			<xmax>390</xmax>
			<ymax>480</ymax>
		</bndbox>
	</object>
</annotation>