<annotation>
	<folder>my-project-name</folder>
	<filename>img147.jpeg</filename>
	<path>/my-project-name/img147.jpeg</path>
	<source>
		<database>Unspecified</database>
	</source>
	<size>
		<width>201</width>
		<height>251</height>
		<depth>3</depth>
	</size>
	<object>
		<name>face</name>
		<pose>Unspecified</pose>
		<truncated>0</truncated>
		<difficult>0</difficult>
		<bndbox>
			<xmin>36</xmin>
			<ymin>28</ymin>
			<xmax>157</xmax>
			<ymax>182</ymax>
		</bndbox>
	</object>
	<object>
		<name>glasses</name>
		<pose>Unspecified</pose>
		<truncated>0</truncated>
		<difficult>0</difficult>
		<bndbox>
			<xmin>48</xmin>
			<ymin>85</ymin>
			<xmax>142</xmax>
			<ymax>120</ymax>
		</bndbox>
	</object>
</annotation>