<annotation>
	<folder>my-project-name</folder>
	<filename>img132.jpeg</filename>
	<path>/my-project-name/img132.jpeg</path>
	<source>
		<database>Unspecified</database>
	</source>
	<size>
		<width>241</width>
		<height>209</height>
		<depth>3</depth>
	</size>
	<object>
		<name>face</name>
		<pose>Unspecified</pose>
		<truncated>0</truncated>
		<difficult>0</difficult>
		<bndbox>
			<xmin>61</xmin>
			<ymin>9</ymin>
			<xmax>172</xmax>
			<ymax>192</ymax>
		</bndbox>
	</object>
	<object>
		<name>glasses</name>
		<pose>Unspecified</pose>
		<truncated>0</truncated>
		<difficult>0</difficult>
		<bndbox>
			<xmin>69</xmin>
			<ymin>83</ymin>
			<xmax>164</xmax>
			<ymax>106</ymax>
		</bndbox>
	</object>
</annotation>