<annotation>
	<folder>my-project-name</folder>
	<filename>img142.jpg</filename>
	<path>/my-project-name/img142.jpg</path>
	<source>
		<database>Unspecified</database>
	</source>
	<size>
		<width>612</width>
		<height>408</height>
		<depth>3</depth>
	</size>
	<object>
		<name>face</name>
		<pose>Unspecified</pose>
		<truncated>0</truncated>
		<difficult>0</difficult>
		<bndbox>
			<xmin>230</xmin>
			<ymin>63</ymin>
			<xmax>342</xmax>
			<ymax>201</ymax>
		</bndbox>
	</object>
	<object>
		<name>glasses</name>
		<pose>Unspecified</pose>
		<truncated>0</truncated>
		<difficult>0</difficult>
		<bndbox>
			<xmin>226</xmin>
			<ymin>116</ymin>
			<xmax>302</xmax>
			<ymax>144</ymax>
		</bndbox>
	</object>
</annotation>