<annotation>
	<folder>my-project-name</folder>
	<filename>img15.jpeg</filename>
	<path>/my-project-name/img15.jpeg</path>
	<source>
		<database>Unspecified</database>
	</source>
	<size>
		<width>310</width>
		<height>163</height>
		<depth>3</depth>
	</size>
	<object>
		<name>face</name>
		<pose>Unspecified</pose>
		<truncated>0</truncated>
		<difficult>0</difficult>
		<bndbox>
			<xmin>94</xmin>
			<ymin>14</ymin>
			<xmax>189</xmax>
			<ymax>112</ymax>
		</bndbox>
	</object>
	<object>
		<name>glasses</name>
		<pose>Unspecified</pose>
		<truncated>0</truncated>
		<difficult>0</difficult>
		<bndbox>
			<xmin>114</xmin>
			<ymin>36</ymin>
			<xmax>184</xmax>
			<ymax>68</ymax>
		</bndbox>
	</object>
</annotation>