<annotation>
	<folder>my-project-name</folder>
	<filename>img122.jpeg</filename>
	<path>/my-project-name/img122.jpeg</path>
	<source>
		<database>Unspecified</database>
	</source>
	<size>
		<width>183</width>
		<height>275</height>
		<depth>3</depth>
	</size>
	<object>
		<name>face</name>
		<pose>Unspecified</pose>
		<truncated>0</truncated>
		<difficult>0</difficult>
		<bndbox>
			<xmin>57</xmin>
			<ymin>22</ymin>
			<xmax>152</xmax>
			<ymax>154</ymax>
		</bndbox>
	</object>
	<object>
		<name>glasses</name>
		<pose>Unspecified</pose>
		<truncated>0</truncated>
		<difficult>0</difficult>
		<bndbox>
			<xmin>64</xmin>
			<ymin>84</ymin>
			<xmax>123</xmax>
			<ymax>118</ymax>
		</bndbox>
	</object>
</annotation>