<annotation>
	<folder>my-project-name</folder>
	<filename>img119.jpeg</filename>
	<path>/my-project-name/img119.jpeg</path>
	<source>
		<database>Unspecified</database>
	</source>
	<size>
		<width>275</width>
		<height>183</height>
		<depth>3</depth>
	</size>
	<object>
		<name>face</name>
		<pose>Unspecified</pose>
		<truncated>0</truncated>
		<difficult>0</difficult>
		<bndbox>
			<xmin>83</xmin>
			<ymin>15</ymin>
			<xmax>134</xmax>
			<ymax>78</ymax>
		</bndbox>
	</object>
	<object>
		<name>glasses</name>
		<pose>Unspecified</pose>
		<truncated>0</truncated>
		<difficult>0</difficult>
		<bndbox>
			<xmin>90</xmin>
			<ymin>34</ymin>
			<xmax>128</xmax>
			<ymax>48</ymax>
		</bndbox>
	</object>
</annotation>