<annotation>
	<folder>my-project-name</folder>
	<filename>img146.jpeg</filename>
	<path>/my-project-name/img146.jpeg</path>
	<source>
		<database>Unspecified</database>
	</source>
	<size>
		<width>275</width>
		<height>183</height>
		<depth>3</depth>
	</size>
	<object>
		<name>face</name>
		<pose>Unspecified</pose>
		<truncated>0</truncated>
		<difficult>0</difficult>
		<bndbox>
			<xmin>115</xmin>
			<ymin>5</ymin>
			<xmax>210</xmax>
			<ymax>127</ymax>
		</bndbox>
	</object>
	<object>
		<name>glasses</name>
		<pose>Unspecified</pose>
		<truncated>0</truncated>
		<difficult>0</difficult>
		<bndbox>
			<xmin>126</xmin>
			<ymin>50</ymin>
			<xmax>200</xmax>
			<ymax>78</ymax>
		</bndbox>
	</object>
</annotation>