<annotation>
	<folder>my-project-name</folder>
	<filename>img120.jpeg</filename>
	<path>/my-project-name/img120.jpeg</path>
	<source>
		<database>Unspecified</database>
	</source>
	<size>
		<width>286</width>
		<height>176</height>
		<depth>3</depth>
	</size>
	<object>
		<name>face</name>
		<pose>Unspecified</pose>
		<truncated>0</truncated>
		<difficult>0</difficult>
		<bndbox>
			<xmin>146</xmin>
			<ymin>7</ymin>
			<xmax>216</xmax>
			<ymax>95</ymax>
		</bndbox>
	</object>
	<object>
		<name>glasses</name>
		<pose>Unspecified</pose>
		<truncated>0</truncated>
		<difficult>0</difficult>
		<bndbox>
			<xmin>153</xmin>
			<ymin>38</ymin>
			<xmax>208</xmax>
			<ymax>62</ymax>
		</bndbox>
	</object>
</annotation>