<annotation>
	<folder>my-project-name</folder>
	<filename>img113.jpg</filename>
	<path>/my-project-name/img113.jpg</path>
	<source>
		<database>Unspecified</database>
	</source>
	<size>
		<width>612</width>
		<height>430</height>
		<depth>3</depth>
	</size>
	<object>
		<name>face</name>
		<pose>Unspecified</pose>
		<truncated>0</truncated>
		<difficult>0</difficult>
		<bndbox>
			<xmin>297</xmin>
			<ymin>31</ymin>
			<xmax>423</xmax>
			<ymax>214</ymax>
		</bndbox>
	</object>
	<object>
		<name>glasses</name>
		<pose>Unspecified</pose>
		<truncated>0</truncated>
		<difficult>0</difficult>
		<bndbox>
			<xmin>305</xmin>
			<ymin>94</ymin>
			<xmax>415</xmax>
			<ymax>143</ymax>
		</bndbox>
	</object>
</annotation>