<annotation>
	<folder>my-project-name</folder>
	<filename>img115.jpeg</filename>
	<path>/my-project-name/img115.jpeg</path>
	<source>
		<database>Unspecified</database>
	</source>
	<size>
		<width>290</width>
		<height>174</height>
		<depth>3</depth>
	</size>
	<object>
		<name>face</name>
		<pose>Unspecified</pose>
		<truncated>0</truncated>
		<difficult>0</difficult>
		<bndbox>
			<xmin>160</xmin>
			<ymin>6</ymin>
			<xmax>259</xmax>
			<ymax>120</ymax>
		</bndbox>
	</object>
	<object>
		<name>glasses</name>
		<pose>Unspecified</pose>
		<truncated>0</truncated>
		<difficult>0</difficult>
		<bndbox>
			<xmin>163</xmin>
			<ymin>46</ymin>
			<xmax>230</xmax>
			<ymax>78</ymax>
		</bndbox>
	</object>
</annotation>