<annotation>
	<folder>my-project-name</folder>
	<filename>img125.jpeg</filename>
	<path>/my-project-name/img125.jpeg</path>
	<source>
		<database>Unspecified</database>
	</source>
	<size>
		<width>225</width>
		<height>225</height>
		<depth>3</depth>
	</size>
	<object>
		<name>face</name>
		<pose>Unspecified</pose>
		<truncated>0</truncated>
		<difficult>0</difficult>
		<bndbox>
			<xmin>53</xmin>
			<ymin>15</ymin>
			<xmax>134</xmax>
			<ymax>101</ymax>
		</bndbox>
	</object>
	<object>
		<name>glasses</name>
		<pose>Unspecified</pose>
		<truncated>0</truncated>
		<difficult>0</difficult>
		<bndbox>
			<xmin>77</xmin>
			<ymin>41</ymin>
			<xmax>129</xmax>
			<ymax>65</ymax>
		</bndbox>
	</object>
</annotation>