<annotation>
	<folder>my-project-name</folder>
	<filename>img1.jpg</filename>
	<path>/my-project-name/img1.jpg</path>
	<source>
		<database>Unspecified</database>
	</source>
	<size>
		<width>800</width>
		<height>553</height>
		<depth>3</depth>
	</size>
	<object>
		<name>face</name>
		<pose>Unspecified</pose>
		<truncated>0</truncated>
		<difficult>0</difficult>
		<bndbox>
			<xmin>361</xmin>
			<ymin>35</ymin>
			<xmax>613</xmax>
			<ymax>367</ymax>
		</bndbox>
	</object>
	<object>
		<name>glasses</name>
		<pose>Unspecified</pose>
		<truncated>0</truncated>
		<difficult>0</difficult>
		<bndbox>
			<xmin>368</xmin>
			<ymin>137</ymin>
			<xmax>605</xmax>
			<ymax>235</ymax>
		</bndbox>
	</object>
</annotation>