<annotation>
	<folder>my-project-name</folder>
	<filename>img104.jpeg</filename>
	<path>/my-project-name/img104.jpeg</path>
	<source>
		<database>Unspecified</database>
	</source>
	<size>
		<width>275</width>
		<height>183</height>
		<depth>3</depth>
	</size>
	<object>
		<name>face</name>
		<pose>Unspecified</pose>
		<truncated>0</truncated>
		<difficult>0</difficult>
		<bndbox>
			<xmin>105</xmin>
			<ymin>40</ymin>
			<xmax>170</xmax>
			<ymax>127</ymax>
		</bndbox>
	</object>
	<object>
		<name>glasses</name>
		<pose>Unspecified</pose>
		<truncated>0</truncated>
		<difficult>0</difficult>
		<bndbox>
			<xmin>108</xmin>
			<ymin>79</ymin>
			<xmax>164</xmax>
			<ymax>101</ymax>
		</bndbox>
	</object>
</annotation>