<annotation>
	<folder>my-project-name</folder>
	<filename>img121.jpeg</filename>
	<path>/my-project-name/img121.jpeg</path>
	<source>
		<database>Unspecified</database>
	</source>
	<size>
		<width>275</width>
		<height>183</height>
		<depth>3</depth>
	</size>
	<object>
		<name>face</name>
		<pose>Unspecified</pose>
		<truncated>0</truncated>
		<difficult>0</difficult>
		<bndbox>
			<xmin>71</xmin>
			<ymin>6</ymin>
			<xmax>188</xmax>
			<ymax>138</ymax>
		</bndbox>
	</object>
	<object>
		<name>glasses</name>
		<pose>Unspecified</pose>
		<truncated>0</truncated>
		<difficult>0</difficult>
		<bndbox>
			<xmin>73</xmin>
			<ymin>59</ymin>
			<xmax>169</xmax>
			<ymax>86</ymax>
		</bndbox>
	</object>
</annotation>