<annotation>
	<folder>my-project-name</folder>
	<filename>img106.jpeg</filename>
	<path>/my-project-name/img106.jpeg</path>
	<source>
		<database>Unspecified</database>
	</source>
	<size>
		<width>183</width>
		<height>275</height>
		<depth>3</depth>
	</size>
	<object>
		<name>face</name>
		<pose>Unspecified</pose>
		<truncated>0</truncated>
		<difficult>0</difficult>
		<bndbox>
			<xmin>59</xmin>
			<ymin>63</ymin>
			<xmax>136</xmax>
			<ymax>157</ymax>
		</bndbox>
	</object>
	<object>
		<name>glasses</name>
		<pose>Unspecified</pose>
		<truncated>0</truncated>
		<difficult>0</difficult>
		<bndbox>
			<xmin>64</xmin>
			<ymin>98</ymin>
			<xmax>124</xmax>
			<ymax>120</ymax>
		</bndbox>
	</object>
</annotation>