<annotation>
	<folder>my-project-name</folder>
	<filename>img17.jpeg</filename>
	<path>/my-project-name/img17.jpeg</path>
	<source>
		<database>Unspecified</database>
	</source>
	<size>
		<width>276</width>
		<height>183</height>
		<depth>3</depth>
	</size>
	<object>
		<name>face</name>
		<pose>Unspecified</pose>
		<truncated>0</truncated>
		<difficult>0</difficult>
		<bndbox>
			<xmin>51</xmin>
			<ymin>1</ymin>
			<xmax>241</xmax>
			<ymax>177</ymax>
		</bndbox>
	</object>
	<object>
		<name>glasses</name>
		<pose>Unspecified</pose>
		<truncated>0</truncated>
		<difficult>0</difficult>
		<bndbox>
			<xmin>68</xmin>
			<ymin>29</ymin>
			<xmax>218</xmax>
			<ymax>91</ymax>
		</bndbox>
	</object>
</annotation>