<annotation>
	<folder>my-project-name</folder>
	<filename>img137.jpg</filename>
	<path>/my-project-name/img137.jpg</path>
	<source>
		<database>Unspecified</database>
	</source>
	<size>
		<width>480</width>
		<height>480</height>
		<depth>3</depth>
	</size>
	<object>
		<name>face</name>
		<pose>Unspecified</pose>
		<truncated>0</truncated>
		<difficult>0</difficult>
		<bndbox>
			<xmin>21</xmin>
			<ymin>15</ymin>
			<xmax>386</xmax>
			<ymax>437</ymax>
		</bndbox>
	</object>
	<object>
		<name>glasses</name>
		<pose>Unspecified</pose>
		<truncated>0</truncated>
		<difficult>0</difficult>
		<bndbox>
			<xmin>153</xmin>
			<ymin>181</ymin>
			<xmax>372</xmax>
			<ymax>263</ymax>
		</bndbox>
	</object>
</annotation>