<annotation>
	<folder>my-project-name</folder>
	<filename>img124.jpeg</filename>
	<path>/my-project-name/img124.jpeg</path>
	<source>
		<database>Unspecified</database>
	</source>
	<size>
		<width>178</width>
		<height>283</height>
		<depth>3</depth>
	</size>
	<object>
		<name>face</name>
		<pose>Unspecified</pose>
		<truncated>0</truncated>
		<difficult>0</difficult>
		<bndbox>
			<xmin>19</xmin>
			<ymin>100</ymin>
			<xmax>103</xmax>
			<ymax>190</ymax>
		</bndbox>
	</object>
	<object>
		<name>glasses</name>
		<pose>Unspecified</pose>
		<truncated>0</truncated>
		<difficult>0</difficult>
		<bndbox>
			<xmin>48</xmin>
			<ymin>136</ymin>
			<xmax>99</xmax>
			<ymax>162</ymax>
		</bndbox>
	</object>
</annotation>