<annotation>
	<folder>my-project-name</folder>
	<filename>img135.jpg</filename>
	<path>/my-project-name/img135.jpg</path>
	<source>
		<database>Unspecified</database>
	</source>
	<size>
		<width>736</width>
		<height>552</height>
		<depth>3</depth>
	</size>
	<object>
		<name>face</name>
		<pose>Unspecified</pose>
		<truncated>0</truncated>
		<difficult>0</difficult>
		<bndbox>
			<xmin>177</xmin>
			<ymin>15</ymin>
			<xmax>544</xmax>
			<ymax>424</ymax>
		</bndbox>
	</object>
	<object>
		<name>glasses</name>
		<pose>Unspecified</pose>
		<truncated>0</truncated>
		<difficult>0</difficult>
		<bndbox>
			<xmin>189</xmin>
			<ymin>190</ymin>
			<xmax>398</xmax>
			<ymax>272</ymax>
		</bndbox>
	</object>
</annotation>