<annotation>
	<folder>my-project-name</folder>
	<filename>img114.jpg</filename>
	<path>/my-project-name/img114.jpg</path>
	<source>
		<database>Unspecified</database>
	</source>
	<size>
		<width>540</width>
		<height>360</height>
		<depth>3</depth>
	</size>
	<object>
		<name>face</name>
		<pose>Unspecified</pose>
		<truncated>0</truncated>
		<difficult>0</difficult>
		<bndbox>
			<xmin>328</xmin>
			<ymin>10</ymin>
			<xmax>454</xmax>
			<ymax>156</ymax>
		</bndbox>
	</object>
	<object>
		<name>glasses</name>
		<pose>Unspecified</pose>
		<truncated>0</truncated>
		<difficult>0</difficult>
		<bndbox>
			<xmin>334</xmin>
			<ymin>62</ymin>
			<xmax>408</xmax>
			<ymax>100</ymax>
		</bndbox>
	</object>
</annotation>