<annotation>
	<folder>my-project-name</folder>
	<filename>img105.jpeg</filename>
	<path>/my-project-name/img105.jpeg</path>
	<source>
		<database>Unspecified</database>
	</source>
	<size>
		<width>200</width>
		<height>200</height>
		<depth>3</depth>
	</size>
	<object>
		<name>face</name>
		<pose>Unspecified</pose>
		<truncated>0</truncated>
		<difficult>0</difficult>
		<bndbox>
			<xmin>56</xmin>
			<ymin>4</ymin>
			<xmax>179</xmax>
			<ymax>159</ymax>
		</bndbox>
	</object>
	<object>
		<name>glasses</name>
		<pose>Unspecified</pose>
		<truncated>0</truncated>
		<difficult>0</difficult>
		<bndbox>
			<xmin>65</xmin>
			<ymin>45</ymin>
			<xmax>174</xmax>
			<ymax>88</ymax>
		</bndbox>
	</object>
</annotation>