<annotation>
	<folder>my-project-name</folder>
	<filename>img123.jpeg</filename>
	<path>/my-project-name/img123.jpeg</path>
	<source>
		<database>Unspecified</database>
	</source>
	<size>
		<width>276</width>
		<height>183</height>
		<depth>3</depth>
	</size>
	<object>
		<name>face</name>
		<pose>Unspecified</pose>
		<truncated>0</truncated>
		<difficult>0</difficult>
		<bndbox>
			<xmin>149</xmin>
			<ymin>12</ymin>
			<xmax>231</xmax>
			<ymax>117</ymax>
		</bndbox>
	</object>
	<object>
		<name>glasses</name>
		<pose>Unspecified</pose>
		<truncated>0</truncated>
		<difficult>0</difficult>
		<bndbox>
			<xmin>152</xmin>
			<ymin>57</ymin>
			<xmax>208</xmax>
			<ymax>78</ymax>
		</bndbox>
	</object>
</annotation>