<annotation>
	<folder>my-project-name</folder>
	<filename>img10.jpeg</filename>
	<path>/my-project-name/img10.jpeg</path>
	<source>
		<database>Unspecified</database>
	</source>
	<size>
		<width>300</width>
		<height>168</height>
		<depth>3</depth>
	</size>
	<object>
		<name>face</name>
		<pose>Unspecified</pose>
		<truncated>0</truncated>
		<difficult>0</difficult>
		<bndbox>
			<xmin>85</xmin>
			<ymin>8</ymin>
			<xmax>242</xmax>
			<ymax>151</ymax>
		</bndbox>
	</object>
	<object>
		<name>glasses</name>
		<pose>Unspecified</pose>
		<truncated>0</truncated>
		<difficult>0</difficult>
		<bndbox>
			<xmin>96</xmin>
			<ymin>61</ymin>
			<xmax>234</xmax>
			<ymax>88</ymax>
		</bndbox>
	</object>
</annotation>