<annotation>
	<folder>my-project-name</folder>
	<filename>img127.jpeg</filename>
	<path>/my-project-name/img127.jpeg</path>
	<source>
		<database>Unspecified</database>
	</source>
	<size>
		<width>276</width>
		<height>183</height>
		<depth>3</depth>
	</size>
	<object>
		<name>face</name>
		<pose>Unspecified</pose>
		<truncated>0</truncated>
		<difficult>0</difficult>
		<bndbox>
			<xmin>71</xmin>
			<ymin>24</ymin>
			<xmax>115</xmax>
			<ymax>74</ymax>
		</bndbox>
	</object>
	<object>
		<name>glasses</name>
		<pose>Unspecified</pose>
		<truncated>0</truncated>
		<difficult>0</difficult>
		<bndbox>
			<xmin>76</xmin>
			<ymin>42</ymin>
			<xmax>106</xmax>
			<ymax>53</ymax>
		</bndbox>
	</object>
</annotation>