<annotation>
	<folder>my-project-name</folder>
	<filename>img118.jpeg</filename>
	<path>/my-project-name/img118.jpeg</path>
	<source>
		<database>Unspecified</database>
	</source>
	<size>
		<width>224</width>
		<height>225</height>
		<depth>3</depth>
	</size>
	<object>
		<name>face</name>
		<pose>Unspecified</pose>
		<truncated>0</truncated>
		<difficult>0</difficult>
		<bndbox>
			<xmin>71</xmin>
			<ymin>27</ymin>
			<xmax>163</xmax>
			<ymax>153</ymax>
		</bndbox>
	</object>
	<object>
		<name>glasses</name>
		<pose>Unspecified</pose>
		<truncated>0</truncated>
		<difficult>0</difficult>
		<bndbox>
			<xmin>76</xmin>
			<ymin>83</ymin>
			<xmax>149</xmax>
			<ymax>110</ymax>
		</bndbox>
	</object>
</annotation>