<annotation>
	<folder>my-project-name</folder>
	<filename>img107.jpeg</filename>
	<path>/my-project-name/img107.jpeg</path>
	<source>
		<database>Unspecified</database>
	</source>
	<size>
		<width>275</width>
		<height>183</height>
		<depth>3</depth>
	</size>
	<object>
		<name>face</name>
		<pose>Unspecified</pose>
		<truncated>0</truncated>
		<difficult>0</difficult>
		<bndbox>
			<xmin>97</xmin>
			<ymin>16</ymin>
			<xmax>169</xmax>
			<ymax>111</ymax>
		</bndbox>
	</object>
	<object>
		<name>glasses</name>
		<pose>Unspecified</pose>
		<truncated>0</truncated>
		<difficult>0</difficult>
		<bndbox>
			<xmin>101</xmin>
			<ymin>52</ymin>
			<xmax>158</xmax>
			<ymax>75</ymax>
		</bndbox>
	</object>
</annotation>