<annotation>
	<folder>my-project-name</folder>
	<filename>img141.jpeg</filename>
	<path>/my-project-name/img141.jpeg</path>
	<source>
		<database>Unspecified</database>
	</source>
	<size>
		<width>275</width>
		<height>183</height>
		<depth>3</depth>
	</size>
	<object>
		<name>face</name>
		<pose>Unspecified</pose>
		<truncated>0</truncated>
		<difficult>0</difficult>
		<bndbox>
			<xmin>70</xmin>
			<ymin>3</ymin>
			<xmax>203</xmax>
			<ymax>181</ymax>
		</bndbox>
	</object>
	<object>
		<name>glasses</name>
		<pose>Unspecified</pose>
		<truncated>0</truncated>
		<difficult>0</difficult>
		<bndbox>
			<xmin>86</xmin>
			<ymin>67</ymin>
			<xmax>198</xmax>
			<ymax>113</ymax>
		</bndbox>
	</object>
</annotation>