<annotation>
	<folder>my-project-name</folder>
	<filename>img117.jpeg</filename>
	<path>/my-project-name/img117.jpeg</path>
	<source>
		<database>Unspecified</database>
	</source>
	<size>
		<width>183</width>
		<height>275</height>
		<depth>3</depth>
	</size>
	<object>
		<name>face</name>
		<pose>Unspecified</pose>
		<truncated>0</truncated>
		<difficult>0</difficult>
		<bndbox>
			<xmin>26</xmin>
			<ymin>15</ymin>
			<xmax>126</xmax>
			<ymax>141</ymax>
		</bndbox>
	</object>
	<object>
		<name>glasses</name>
		<pose>Unspecified</pose>
		<truncated>0</truncated>
		<difficult>0</difficult>
		<bndbox>
			<xmin>18</xmin>
			<ymin>69</ymin>
			<xmax>90</xmax>
			<ymax>97</ymax>
		</bndbox>
	</object>
</annotation>