<annotation>
	<folder>my-project-name</folder>
	<filename>img16.jpeg</filename>
	<path>/my-project-name/img16.jpeg</path>
	<source>
		<database>Unspecified</database>
	</source>
	<size>
		<width>241</width>
		<height>209</height>
		<depth>3</depth>
	</size>
	<object>
		<name>face</name>
		<pose>Unspecified</pose>
		<truncated>0</truncated>
		<difficult>0</difficult>
		<bndbox>
			<xmin>81</xmin>
			<ymin>20</ymin>
			<xmax>151</xmax>
			<ymax>104</ymax>
		</bndbox>
	</object>
	<object>
		<name>glasses</name>
		<pose>Unspecified</pose>
		<truncated>0</truncated>
		<difficult>0</difficult>
		<bndbox>
			<xmin>87</xmin>
			<ymin>50</ymin>
			<xmax>141</xmax>
			<ymax>76</ymax>
		</bndbox>
	</object>
</annotation>