<annotation>
	<folder>my-project-name</folder>
	<filename>img28.jpeg</filename>
	<path>/my-project-name/img28.jpeg</path>
	<source>
		<database>Unspecified</database>
	</source>
	<size>
		<width>243</width>
		<height>208</height>
		<depth>3</depth>
	</size>
	<object>
		<name>face</name>
		<pose>Unspecified</pose>
		<truncated>0</truncated>
		<difficult>0</difficult>
		<bndbox>
			<xmin>58</xmin>
			<ymin>3</ymin>
			<xmax>219</xmax>
			<ymax>201</ymax>
		</bndbox>
	</object>
	<object>
		<name>glasses</name>
		<pose>Unspecified</pose>
		<truncated>0</truncated>
		<difficult>0</difficult>
		<bndbox>
			<xmin>98</xmin>
			<ymin>72</ymin>
			<xmax>212</xmax>
			<ymax>124</ymax>
		</bndbox>
	</object>
</annotation>