<annotation>
	<folder>my-project-name</folder>
	<filename>img24.jpeg</filename>
	<path>/my-project-name/img24.jpeg</path>
	<source>
		<database>Unspecified</database>
	</source>
	<size>
		<width>211</width>
		<height>239</height>
		<depth>3</depth>
	</size>
	<object>
		<name>face</name>
		<pose>Unspecified</pose>
		<truncated>0</truncated>
		<difficult>0</difficult>
		<bndbox>
			<xmin>37</xmin>
			<ymin>27</ymin>
			<xmax>188</xmax>
			<ymax>206</ymax>
		</bndbox>
	</object>
	<object>
		<name>glasses</name>
		<pose>Unspecified</pose>
		<truncated>0</truncated>
		<difficult>0</difficult>
		<bndbox>
			<xmin>59</xmin>
			<ymin>95</ymin>
			<xmax>180</xmax>
			<ymax>141</ymax>
		</bndbox>
	</object>
</annotation>