<annotation>
	<folder>my-project-name</folder>
	<filename>img25.jpeg</filename>
	<path>/my-project-name/img25.jpeg</path>
	<source>
		<database>Unspecified</database>
	</source>
	<size>
		<width>181</width>
		<height>279</height>
		<depth>3</depth>
	</size>
	<object>
		<name>face</name>
		<pose>Unspecified</pose>
		<truncated>0</truncated>
		<difficult>0</difficult>
		<bndbox>
			<xmin>14</xmin>
			<ymin>14</ymin>
			<xmax>147</xmax>
			<ymax>164</ymax>
		</bndbox>
	</object>
	<object>
		<name>glasses</name>
		<pose>Unspecified</pose>
		<truncated>0</truncated>
		<difficult>0</difficult>
		<bndbox>
			<xmin>1</xmin>
			<ymin>63</ymin>
			<xmax>85</xmax>
			<ymax>108</ymax>
		</bndbox>
	</object>
</annotation>