<annotation>
	<folder>my-project-name</folder>
	<filename>img26.jpeg</filename>
	<path>/my-project-name/img26.jpeg</path>
	<source>
		<database>Unspecified</database>
	</source>
	<size>
		<width>275</width>
		<height>183</height>
		<depth>3</depth>
	</size>
	<object>
		<name>face</name>
		<pose>Unspecified</pose>
		<truncated>0</truncated>
		<difficult>0</difficult>
		<bndbox>
			<xmin>68</xmin>
			<ymin>5</ymin>
			<xmax>144</xmax>
			<ymax>104</ymax>
		</bndbox>
	</object>
	<object>
		<name>glasses</name>
		<pose>Unspecified</pose>
		<truncated>0</truncated>
		<difficult>0</difficult>
		<bndbox>
			<xmin>71</xmin>
			<ymin>46</ymin>
			<xmax>132</xmax>
			<ymax>73</ymax>
		</bndbox>
	</object>
</annotation>