<annotation>
	<folder>my-project-name</folder>
	<filename>img22.jpeg</filename>
	<path>/my-project-name/img22.jpeg</path>
	<source>
		<database>Unspecified</database>
	</source>
	<size>
		<width>225</width>
		<height>225</height>
		<depth>3</depth>
	</size>
	<object>
		<name>face</name>
		<pose>Unspecified</pose>
		<truncated>0</truncated>
		<difficult>0</difficult>
		<bndbox>
			<xmin>71</xmin>
			<ymin>28</ymin>
			<xmax>156</xmax>
			<ymax>132</ymax>
		</bndbox>
	</object>
	<object>
		<name>glasses</name>
		<pose>Unspecified</pose>
		<truncated>0</truncated>
		<difficult>0</difficult>
		<bndbox>
			<xmin>77</xmin>
			<ymin>73</ymin>
			<xmax>151</xmax>
			<ymax>93</ymax>
		</bndbox>
	</object>
</annotation>