<annotation>
	<folder>my-project-name</folder>
	<filename>img2.jpeg</filename>
	<path>/my-project-name/img2.jpeg</path>
	<source>
		<database>Unspecified</database>
	</source>
	<size>
		<width>275</width>
		<height>183</height>
		<depth>3</depth>
	</size>
	<object>
		<name>face</name>
		<pose>Unspecified</pose>
		<truncated>0</truncated>
		<difficult>0</difficult>
		<bndbox>
			<xmin>82</xmin>
			<ymin>13</ymin>
			<xmax>184</xmax>
			<ymax>142</ymax>
		</bndbox>
	</object>
	<object>
		<name>glasses</name>
		<pose>Unspecified</pose>
		<truncated>0</truncated>
		<difficult>0</difficult>
		<bndbox>
			<xmin>78</xmin>
			<ymin>52</ymin>
			<xmax>177</xmax>
			<ymax>87</ymax>
		</bndbox>
	</object>
</annotation>