<annotation>
	<folder>my-project-name</folder>
	<filename>img23.jpeg</filename>
	<path>/my-project-name/img23.jpeg</path>
	<source>
		<database>Unspecified</database>
	</source>
	<size>
		<width>185</width>
		<height>272</height>
		<depth>3</depth>
	</size>
	<object>
		<name>face</name>
		<pose>Unspecified</pose>
		<truncated>0</truncated>
		<difficult>0</difficult>
		<bndbox>
			<xmin>49</xmin>
			<ymin>6</ymin>
			<xmax>173</xmax>
			<ymax>145</ymax>
		</bndbox>
	</object>
	<object>
		<name>glasses</name>
		<pose>Unspecified</pose>
		<truncated>0</truncated>
		<difficult>0</difficult>
		<bndbox>
			<xmin>61</xmin>
			<ymin>53</ymin>
			<xmax>164</xmax>
			<ymax>88</ymax>
		</bndbox>
	</object>
</annotation>