<annotation>
	<folder>my-project-name</folder>
	<filename>img20.jpeg</filename>
	<path>/my-project-name/img20.jpeg</path>
	<source>
		<database>Unspecified</database>
	</source>
	<size>
		<width>201</width>
		<height>251</height>
		<depth>3</depth>
	</size>
	<object>
		<name>face</name>
		<pose>Unspecified</pose>
		<truncated>0</truncated>
		<difficult>0</difficult>
		<bndbox>
			<xmin>71</xmin>
			<ymin>3</ymin>
			<xmax>181</xmax>
			<ymax>115</ymax>
		</bndbox>
	</object>
	<object>
		<name>glasses</name>
		<pose>Unspecified</pose>
		<truncated>0</truncated>
		<difficult>0</difficult>
		<bndbox>
			<xmin>63</xmin>
			<ymin>23</ymin>
			<xmax>170</xmax>
			<ymax>69</ymax>
		</bndbox>
	</object>
</annotation>