<annotation>
	<folder>my-project-name</folder>
	<filename>img27.jpeg</filename>
	<path>/my-project-name/img27.jpeg</path>
	<source>
		<database>Unspecified</database>
	</source>
	<size>
		<width>305</width>
		<height>165</height>
		<depth>3</depth>
	</size>
	<object>
		<name>face</name>
		<pose>Unspecified</pose>
		<truncated>0</truncated>
		<difficult>0</difficult>
		<bndbox>
			<xmin>104</xmin>
			<ymin>16</ymin>
			<xmax>191</xmax>
			<ymax>125</ymax>
		</bndbox>
	</object>
	<object>
		<name>glasses</name>
		<pose>Unspecified</pose>
		<truncated>0</truncated>
		<difficult>0</difficult>
		<bndbox>
			<xmin>109</xmin>
			<ymin>65</ymin>
			<xmax>189</xmax>
			<ymax>86</ymax>
		</bndbox>
	</object>
</annotation>