<annotation>
	<folder>my-project-name</folder>
	<filename>img37.jpeg</filename>
	<path>/my-project-name/img37.jpeg</path>
	<source>
		<database>Unspecified</database>
	</source>
	<size>
		<width>267</width>
		<height>189</height>
		<depth>3</depth>
	</size>
	<object>
		<name>face</name>
		<pose>Unspecified</pose>
		<truncated>0</truncated>
		<difficult>0</difficult>
		<bndbox>
			<xmin>79</xmin>
			<ymin>17</ymin>
			<xmax>198</xmax>
			<ymax>162</ymax>
		</bndbox>
	</object>
	<object>
		<name>glasses</name>
		<pose>Unspecified</pose>
		<truncated>0</truncated>
		<difficult>0</difficult>
		<bndbox>
			<xmin>96</xmin>
			<ymin>57</ymin>
			<xmax>181</xmax>
			<ymax>93</ymax>
		</bndbox>
	</object>
</annotation>