<annotation>
	<folder>my-project-name</folder>
	<filename>img34.jpg</filename>
	<path>/my-project-name/img34.jpg</path>
	<source>
		<database>Unspecified</database>
	</source>
	<size>
		<width>736</width>
		<height>919</height>
		<depth>3</depth>
	</size>
	<object>
		<name>face</name>
		<pose>Unspecified</pose>
		<truncated>0</truncated>
		<difficult>0</difficult>
		<bndbox>
			<xmin>113</xmin>
			<ymin>54</ymin>
			<xmax>638</xmax>
			<ymax>604</ymax>
		</bndbox>
	</object>
	<object>
		<name>glasses</name>
		<pose>Unspecified</pose>
		<truncated>0</truncated>
		<difficult>0</difficult>
		<bndbox>
			<xmin>274</xmin>
			<ymin>259</ymin>
			<xmax>589</xmax>
			<ymax>374</ymax>
		</bndbox>
	</object>
</annotation>