<annotation>
	<folder>my-project-name</folder>
	<filename>img35.jpg</filename>
	<path>/my-project-name/img35.jpg</path>
	<source>
		<database>Unspecified</database>
	</source>
	<size>
		<width>800</width>
		<height>400</height>
		<depth>3</depth>
	</size>
	<object>
		<name>face</name>
		<pose>Unspecified</pose>
		<truncated>0</truncated>
		<difficult>0</difficult>
		<bndbox>
			<xmin>113</xmin>
			<ymin>14</ymin>
			<xmax>466</xmax>
			<ymax>359</ymax>
		</bndbox>
	</object>
	<object>
		<name>glasses</name>
		<pose>Unspecified</pose>
		<truncated>0</truncated>
		<difficult>0</difficult>
		<bndbox>
			<xmin>192</xmin>
			<ymin>84</ymin>
			<xmax>460</xmax>
			<ymax>189</ymax>
		</bndbox>
	</object>
</annotation>