<annotation>
	<folder>my-project-name</folder>
	<filename>img33.jpeg</filename>
	<path>/my-project-name/img33.jpeg</path>
	<source>
		<database>Unspecified</database>
	</source>
	<size>
		<width>183</width>
		<height>275</height>
		<depth>3</depth>
	</size>
	<object>
		<name>face</name>
		<pose>Unspecified</pose>
		<truncated>0</truncated>
		<difficult>0</difficult>
		<bndbox>
			<xmin>58</xmin>
			<ymin>28</ymin>
			<xmax>129</xmax>
			<ymax>121</ymax>
		</bndbox>
	</object>
	<object>
		<name>glasses</name>
		<pose>Unspecified</pose>
		<truncated>0</truncated>
		<difficult>0</difficult>
		<bndbox>
			<xmin>64</xmin>
			<ymin>64</ymin>
			<xmax>122</xmax>
			<ymax>89</ymax>
		</bndbox>
	</object>
</annotation>