<annotation>
	<folder>my-project-name</folder>
	<filename>img30.jpg</filename>
	<path>/my-project-name/img30.jpg</path>
	<source>
		<database>Unspecified</database>
	</source>
	<size>
		<width>910</width>
		<height>1365</height>
		<depth>3</depth>
	</size>
	<object>
		<name>face</name>
		<pose>Unspecified</pose>
		<truncated>0</truncated>
		<difficult>0</difficult>
		<bndbox>
			<xmin>256</xmin>
			<ymin>90</ymin>
			<xmax>674</xmax>
			<ymax>555</ymax>
		</bndbox>
	</object>
	<object>
		<name>glasses</name>
		<pose>Unspecified</pose>
		<truncated>0</truncated>
		<difficult>0</difficult>
		<bndbox>
			<xmin>448</xmin>
			<ymin>254</ymin>
			<xmax>657</xmax>
			<ymax>377</ymax>
		</bndbox>
	</object>
</annotation>