<annotation>
	<folder>my-project-name</folder>
	<filename>img3.jpeg</filename>
	<path>/my-project-name/img3.jpeg</path>
	<source>
		<database>Unspecified</database>
	</source>
	<size>
		<width>275</width>
		<height>183</height>
		<depth>3</depth>
	</size>
	<object>
		<name>face</name>
		<pose>Unspecified</pose>
		<truncated>0</truncated>
		<difficult>0</difficult>
		<bndbox>
			<xmin>77</xmin>
			<ymin>19</ymin>
			<xmax>191</xmax>
			<ymax>138</ymax>
		</bndbox>
	</object>
	<object>
		<name>glasses</name>
		<pose>Unspecified</pose>
		<truncated>0</truncated>
		<difficult>0</difficult>
		<bndbox>
			<xmin>84</xmin>
			<ymin>48</ymin>
			<xmax>154</xmax>
			<ymax>83</ymax>
		</bndbox>
	</object>
</annotation>