<annotation>
	<folder>my-project-name</folder>
	<filename>img32.jpeg</filename>
	<path>/my-project-name/img32.jpeg</path>
	<source>
		<database>Unspecified</database>
	</source>
	<size>
		<width>275</width>
		<height>183</height>
		<depth>3</depth>
	</size>
	<object>
		<name>face</name>
		<pose>Unspecified</pose>
		<truncated>0</truncated>
		<difficult>0</difficult>
		<bndbox>
			<xmin>40</xmin>
			<ymin>14</ymin>
			<xmax>147</xmax>
			<ymax>127</ymax>
		</bndbox>
	</object>
	<object>
		<name>glasses</name>
		<pose>Unspecified</pose>
		<truncated>0</truncated>
		<difficult>0</difficult>
		<bndbox>
			<xmin>80</xmin>
			<ymin>46</ymin>
			<xmax>140</xmax>
			<ymax>75</ymax>
		</bndbox>
	</object>
</annotation>