<annotation>
	<folder>my-project-name</folder>
	<filename>img36.jpeg</filename>
	<path>/my-project-name/img36.jpeg</path>
	<source>
		<database>Unspecified</database>
	</source>
	<size>
		<width>270</width>
		<height>186</height>
		<depth>3</depth>
	</size>
	<object>
		<name>face</name>
		<pose>Unspecified</pose>
		<truncated>0</truncated>
		<difficult>0</difficult>
		<bndbox>
			<xmin>106</xmin>
			<ymin>10</ymin>
			<xmax>219</xmax>
			<ymax>153</ymax>
		</bndbox>
	</object>
	<object>
		<name>glasses</name>
		<pose>Unspecified</pose>
		<truncated>0</truncated>
		<difficult>0</difficult>
		<bndbox>
			<xmin>129</xmin>
			<ymin>64</ymin>
			<xmax>215</xmax>
			<ymax>101</ymax>
		</bndbox>
	</object>
</annotation>