<annotation>
	<folder>my-project-name</folder>
	<filename>img39.jpeg</filename>
	<path>/my-project-name/img39.jpeg</path>
	<source>
		<database>Unspecified</database>
	</source>
	<size>
		<width>183</width>
		<height>275</height>
		<depth>3</depth>
	</size>
	<object>
		<name>face</name>
		<pose>Unspecified</pose>
		<truncated>0</truncated>
		<difficult>0</difficult>
		<bndbox>
			<xmin>34</xmin>
			<ymin>6</ymin>
			<xmax>150</xmax>
			<ymax>145</ymax>
		</bndbox>
	</object>
	<object>
		<name>glasses</name>
		<pose>Unspecified</pose>
		<truncated>0</truncated>
		<difficult>0</difficult>
		<bndbox>
			<xmin>36</xmin>
			<ymin>56</ymin>
			<xmax>115</xmax>
			<ymax>89</ymax>
		</bndbox>
	</object>
</annotation>