<annotation>
	<folder>my-project-name</folder>
	<filename>img40.jpeg</filename>
	<path>/my-project-name/img40.jpeg</path>
	<source>
		<database>Unspecified</database>
	</source>
	<size>
		<width>275</width>
		<height>183</height>
		<depth>3</depth>
	</size>
	<object>
		<name>face</name>
		<pose>Unspecified</pose>
		<truncated>0</truncated>
		<difficult>0</difficult>
		<bndbox>
			<xmin>92</xmin>
			<ymin>20</ymin>
			<xmax>191</xmax>
			<ymax>129</ymax>
		</bndbox>
	</object>
	<object>
		<name>glasses</name>
		<pose>Unspecified</pose>
		<truncated>0</truncated>
		<difficult>0</difficult>
		<bndbox>
			<xmin>106</xmin>
			<ymin>62</ymin>
			<xmax>182</xmax>
			<ymax>90</ymax>
		</bndbox>
	</object>
</annotation>