<annotation>
	<folder>my-project-name</folder>
	<filename>img46.jpg</filename>
	<path>/my-project-name/img46.jpg</path>
	<source>
		<database>Unspecified</database>
	</source>
	<size>
		<width>675</width>
		<height>1200</height>
		<depth>3</depth>
	</size>
	<object>
		<name>face</name>
		<pose>Unspecified</pose>
		<truncated>0</truncated>
		<difficult>0</difficult>
		<bndbox>
			<xmin>71</xmin>
			<ymin>315</ymin>
			<xmax>497</xmax>
			<ymax>789</ymax>
		</bndbox>
	</object>
	<object>
		<name>glasses</name>
		<pose>Unspecified</pose>
		<truncated>0</truncated>
		<difficult>0</difficult>
		<bndbox>
			<xmin>123</xmin>
			<ymin>463</ymin>
			<xmax>457</xmax>
			<ymax>605</ymax>
		</bndbox>
	</object>
</annotation>