<annotation>
	<folder>my-project-name</folder>
	<filename>img42.jpg</filename>
	<path>/my-project-name/img42.jpg</path>
	<source>
		<database>Unspecified</database>
	</source>
	<size>
		<width>736</width>
		<height>743</height>
		<depth>3</depth>
	</size>
	<object>
		<name>face</name>
		<pose>Unspecified</pose>
		<truncated>0</truncated>
		<difficult>0</difficult>
		<bndbox>
			<xmin>384</xmin>
			<ymin>35</ymin>
			<xmax>584</xmax>
			<ymax>279</ymax>
		</bndbox>
	</object>
	<object>
		<name>glasses</name>
		<pose>Unspecified</pose>
		<truncated>0</truncated>
		<difficult>0</difficult>
		<bndbox>
			<xmin>393</xmin>
			<ymin>140</ymin>
			<xmax>534</xmax>
			<ymax>180</ymax>
		</bndbox>
	</object>
</annotation>