<annotation>
	<folder>my-project-name</folder>
	<filename>img43.jpg</filename>
	<path>/my-project-name/img43.jpg</path>
	<source>
		<database>Unspecified</database>
	</source>
	<size>
		<width>1440</width>
		<height>1920</height>
		<depth>3</depth>
	</size>
	<object>
		<name>face</name>
		<pose>Unspecified</pose>
		<truncated>0</truncated>
		<difficult>0</difficult>
		<bndbox>
			<xmin>447</xmin>
			<ymin>120</ymin>
			<xmax>991</xmax>
			<ymax>795</ymax>
		</bndbox>
	</object>
	<object>
		<name>glasses</name>
		<pose>Unspecified</pose>
		<truncated>0</truncated>
		<difficult>0</difficult>
		<bndbox>
			<xmin>480</xmin>
			<ymin>407</ymin>
			<xmax>908</xmax>
			<ymax>531</ymax>
		</bndbox>
	</object>
</annotation>