<annotation>
	<folder>my-project-name</folder>
	<filename>img45.jpg</filename>
	<path>/my-project-name/img45.jpg</path>
	<source>
		<database>Unspecified</database>
	</source>
	<size>
		<width>736</width>
		<height>920</height>
		<depth>3</depth>
	</size>
	<object>
		<name>face</name>
		<pose>Unspecified</pose>
		<truncated>0</truncated>
		<difficult>0</difficult>
		<bndbox>
			<xmin>82</xmin>
			<ymin>42</ymin>
			<xmax>596</xmax>
			<ymax>560</ymax>
		</bndbox>
	</object>
	<object>
		<name>glasses</name>
		<pose>Unspecified</pose>
		<truncated>0</truncated>
		<difficult>0</difficult>
		<bndbox>
			<xmin>106</xmin>
			<ymin>251</ymin>
			<xmax>452</xmax>
			<ymax>411</ymax>
		</bndbox>
	</object>
</annotation>