<annotation>
	<folder>my-project-name</folder>
	<filename>img49.jpg</filename>
	<path>/my-project-name/img49.jpg</path>
	<source>
		<database>Unspecified</database>
	</source>
	<size>
		<width>626</width>
		<height>417</height>
		<depth>3</depth>
	</size>
	<object>
		<name>face</name>
		<pose>Unspecified</pose>
		<truncated>0</truncated>
		<difficult>0</difficult>
		<bndbox>
			<xmin>222</xmin>
			<ymin>17</ymin>
			<xmax>382</xmax>
			<ymax>193</ymax>
		</bndbox>
	</object>
	<object>
		<name>glasses</name>
		<pose>Unspecified</pose>
		<truncated>0</truncated>
		<difficult>0</difficult>
		<bndbox>
			<xmin>235</xmin>
			<ymin>89</ymin>
			<xmax>369</xmax>
			<ymax>134</ymax>
		</bndbox>
	</object>
</annotation>