<annotation>
	<folder>my-project-name</folder>
	<filename>img41.jpeg</filename>
	<path>/my-project-name/img41.jpeg</path>
	<source>
		<database>Unspecified</database>
	</source>
	<size>
		<width>275</width>
		<height>183</height>
		<depth>3</depth>
	</size>
	<object>
		<name>face</name>
		<pose>Unspecified</pose>
		<truncated>0</truncated>
		<difficult>0</difficult>
		<bndbox>
			<xmin>102</xmin>
			<ymin>33</ymin>
			<xmax>180</xmax>
			<ymax>119</ymax>
		</bndbox>
	</object>
	<object>
		<name>glasses</name>
		<pose>Unspecified</pose>
		<truncated>0</truncated>
		<difficult>0</difficult>
		<bndbox>
			<xmin>126</xmin>
			<ymin>69</ymin>
			<xmax>175</xmax>
			<ymax>87</ymax>
		</bndbox>
	</object>
</annotation>