<annotation>
	<folder>my-project-name</folder>
	<filename>img47.jpg</filename>
	<path>/my-project-name/img47.jpg</path>
	<source>
		<database>Unspecified</database>
	</source>
	<size>
		<width>612</width>
		<height>408</height>
		<depth>3</depth>
	</size>
	<object>
		<name>face</name>
		<pose>Unspecified</pose>
		<truncated>0</truncated>
		<difficult>0</difficult>
		<bndbox>
			<xmin>350</xmin>
			<ymin>50</ymin>
			<xmax>482</xmax>
			<ymax>194</ymax>
		</bndbox>
	</object>
	<object>
		<name>glasses</name>
		<pose>Unspecified</pose>
		<truncated>0</truncated>
		<difficult>0</difficult>
		<bndbox>
			<xmin>355</xmin>
			<ymin>93</ymin>
			<xmax>419</xmax>
			<ymax>133</ymax>
		</bndbox>
	</object>
</annotation>