<annotation>
	<folder>my-project-name</folder>
	<filename>img44.jpg</filename>
	<path>/my-project-name/img44.jpg</path>
	<source>
		<database>Unspecified</database>
	</source>
	<size>
		<width>490</width>
		<height>735</height>
		<depth>3</depth>
	</size>
	<object>
		<name>face</name>
		<pose>Unspecified</pose>
		<truncated>0</truncated>
		<difficult>0</difficult>
		<bndbox>
			<xmin>116</xmin>
			<ymin>75</ymin>
			<xmax>406</xmax>
			<ymax>476</ymax>
		</bndbox>
	</object>
	<object>
		<name>glasses</name>
		<pose>Unspecified</pose>
		<truncated>0</truncated>
		<difficult>0</difficult>
		<bndbox>
			<xmin>153</xmin>
			<ymin>213</ymin>
			<xmax>378</xmax>
			<ymax>299</ymax>
		</bndbox>
	</object>
</annotation>