<annotation>
	<folder>my-project-name</folder>
	<filename>img48.jpg</filename>
	<path>/my-project-name/img48.jpg</path>
	<source>
		<database>Unspecified</database>
	</source>
	<size>
		<width>408</width>
		<height>612</height>
		<depth>3</depth>
	</size>
	<object>
		<name>face</name>
		<pose>Unspecified</pose>
		<truncated>0</truncated>
		<difficult>0</difficult>
		<bndbox>
			<xmin>130</xmin>
			<ymin>75</ymin>
			<xmax>277</xmax>
			<ymax>234</ymax>
		</bndbox>
	</object>
	<object>
		<name>glasses</name>
		<pose>Unspecified</pose>
		<truncated>0</truncated>
		<difficult>0</difficult>
		<bndbox>
			<xmin>200</xmin>
			<ymin>145</ymin>
			<xmax>255</xmax>
			<ymax>185</ymax>
		</bndbox>
	</object>
</annotation>