<annotation>
	<folder>my-project-name</folder>
	<filename>img54.jpg</filename>
	<path>/my-project-name/img54.jpg</path>
	<source>
		<database>Unspecified</database>
	</source>
	<size>
		<width>500</width>
		<height>623</height>
		<depth>3</depth>
	</size>
	<object>
		<name>face</name>
		<pose>Unspecified</pose>
		<truncated>0</truncated>
		<difficult>0</difficult>
		<bndbox>
			<xmin>61</xmin>
			<ymin>20</ymin>
			<xmax>412</xmax>
			<ymax>477</ymax>
		</bndbox>
	</object>
	<object>
		<name>glasses</name>
		<pose>Unspecified</pose>
		<truncated>0</truncated>
		<difficult>0</difficult>
		<bndbox>
			<xmin>146</xmin>
			<ymin>215</ymin>
			<xmax>395</xmax>
			<ymax>301</ymax>
		</bndbox>
	</object>
</annotation>