<annotation>
	<folder>my-project-name</folder>
	<filename>img50.jpg</filename>
	<path>/my-project-name/img50.jpg</path>
	<source>
		<database>Unspecified</database>
	</source>
	<size>
		<width>612</width>
		<height>335</height>
		<depth>3</depth>
	</size>
	<object>
		<name>face</name>
		<pose>Unspecified</pose>
		<truncated>0</truncated>
		<difficult>0</difficult>
		<bndbox>
			<xmin>318</xmin>
			<ymin>16</ymin>
			<xmax>419</xmax>
			<ymax>137</ymax>
		</bndbox>
	</object>
	<object>
		<name>glasses</name>
		<pose>Unspecified</pose>
		<truncated>0</truncated>
		<difficult>0</difficult>
		<bndbox>
			<xmin>346</xmin>
			<ymin>66</ymin>
			<xmax>413</xmax>
			<ymax>94</ymax>
		</bndbox>
	</object>
</annotation>