<annotation>
	<folder>my-project-name</folder>
	<filename>img51.jpeg</filename>
	<path>/my-project-name/img51.jpeg</path>
	<source>
		<database>Unspecified</database>
	</source>
	<size>
		<width>269</width>
		<height>188</height>
		<depth>3</depth>
	</size>
	<object>
		<name>face</name>
		<pose>Unspecified</pose>
		<truncated>0</truncated>
		<difficult>0</difficult>
		<bndbox>
			<xmin>103</xmin>
			<ymin>10</ymin>
			<xmax>176</xmax>
			<ymax>116</ymax>
		</bndbox>
	</object>
	<object>
		<name>glasses</name>
		<pose>Unspecified</pose>
		<truncated>0</truncated>
		<difficult>0</difficult>
		<bndbox>
			<xmin>113</xmin>
			<ymin>43</ymin>
			<xmax>175</xmax>
			<ymax>72</ymax>
		</bndbox>
	</object>
</annotation>