<annotation>
	<folder>my-project-name</folder>
	<filename>img5.jpeg</filename>
	<path>/my-project-name/img5.jpeg</path>
	<source>
		<database>Unspecified</database>
	</source>
	<size>
		<width>232</width>
		<height>217</height>
		<depth>3</depth>
	</size>
	<object>
		<name>face</name>
		<pose>Unspecified</pose>
		<truncated>0</truncated>
		<difficult>0</difficult>
		<bndbox>
			<xmin>80</xmin>
			<ymin>29</ymin>
			<xmax>166</xmax>
			<ymax>135</ymax>
		</bndbox>
	</object>
	<object>
		<name>glasses</name>
		<pose>Unspecified</pose>
		<truncated>0</truncated>
		<difficult>0</difficult>
		<bndbox>
			<xmin>85</xmin>
			<ymin>85</ymin>
			<xmax>153</xmax>
			<ymax>106</ymax>
		</bndbox>
	</object>
</annotation>