<annotation>
	<folder>my-project-name</folder>
	<filename>img56.jpg</filename>
	<path>/my-project-name/img56.jpg</path>
	<source>
		<database>Unspecified</database>
	</source>
	<size>
		<width>634</width>
		<height>1024</height>
		<depth>3</depth>
	</size>
	<object>
		<name>face</name>
		<pose>Unspecified</pose>
		<truncated>0</truncated>
		<difficult>0</difficult>
		<bndbox>
			<xmin>209</xmin>
			<ymin>36</ymin>
			<xmax>424</xmax>
			<ymax>340</ymax>
		</bndbox>
	</object>
	<object>
		<name>glasses</name>
		<pose>Unspecified</pose>
		<truncated>0</truncated>
		<difficult>0</difficult>
		<bndbox>
			<xmin>191</xmin>
			<ymin>139</ymin>
			<xmax>346</xmax>
			<ymax>210</ymax>
		</bndbox>
	</object>
</annotation>