<annotation>
	<folder>my-project-name</folder>
	<filename>img58.jpeg</filename>
	<path>/my-project-name/img58.jpeg</path>
	<source>
		<database>Unspecified</database>
	</source>
	<size>
		<width>275</width>
		<height>183</height>
		<depth>3</depth>
	</size>
	<object>
		<name>face</name>
		<pose>Unspecified</pose>
		<truncated>0</truncated>
		<difficult>0</difficult>
		<bndbox>
			<xmin>133</xmin>
			<ymin>11</ymin>
			<xmax>182</xmax>
			<ymax>89</ymax>
		</bndbox>
	</object>
	<object>
		<name>glasses</name>
		<pose>Unspecified</pose>
		<truncated>0</truncated>
		<difficult>0</difficult>
		<bndbox>
			<xmin>136</xmin>
			<ymin>44</ymin>
			<xmax>177</xmax>
			<ymax>60</ymax>
		</bndbox>
	</object>
</annotation>