<annotation>
	<folder>my-project-name</folder>
	<filename>img52.jpeg</filename>
	<path>/my-project-name/img52.jpeg</path>
	<source>
		<database>Unspecified</database>
	</source>
	<size>
		<width>300</width>
		<height>168</height>
		<depth>3</depth>
	</size>
	<object>
		<name>face</name>
		<pose>Unspecified</pose>
		<truncated>0</truncated>
		<difficult>0</difficult>
		<bndbox>
			<xmin>91</xmin>
			<ymin>5</ymin>
			<xmax>148</xmax>
			<ymax>94</ymax>
		</bndbox>
	</object>
	<object>
		<name>glasses</name>
		<pose>Unspecified</pose>
		<truncated>0</truncated>
		<difficult>0</difficult>
		<bndbox>
			<xmin>96</xmin>
			<ymin>41</ymin>
			<xmax>143</xmax>
			<ymax>58</ymax>
		</bndbox>
	</object>
</annotation>