<annotation>
	<folder>my-project-name</folder>
	<filename>img57.jpeg</filename>
	<path>/my-project-name/img57.jpeg</path>
	<source>
		<database>Unspecified</database>
	</source>
	<size>
		<width>275</width>
		<height>183</height>
		<depth>3</depth>
	</size>
	<object>
		<name>face</name>
		<pose>Unspecified</pose>
		<truncated>0</truncated>
		<difficult>0</difficult>
		<bndbox>
			<xmin>97</xmin>
			<ymin>13</ymin>
			<xmax>196</xmax>
			<ymax>129</ymax>
		</bndbox>
	</object>
	<object>
		<name>glasses</name>
		<pose>Unspecified</pose>
		<truncated>0</truncated>
		<difficult>0</difficult>
		<bndbox>
			<xmin>93</xmin>
			<ymin>52</ymin>
			<xmax>154</xmax>
			<ymax>71</ymax>
		</bndbox>
	</object>
</annotation>