<annotation>
	<folder>my-project-name</folder>
	<filename>img67.jpeg</filename>
	<path>/my-project-name/img67.jpeg</path>
	<source>
		<database>Unspecified</database>
	</source>
	<size>
		<width>300</width>
		<height>168</height>
		<depth>3</depth>
	</size>
	<object>
		<name>face</name>
		<pose>Unspecified</pose>
		<truncated>0</truncated>
		<difficult>0</difficult>
		<bndbox>
			<xmin>117</xmin>
			<ymin>7</ymin>
			<xmax>185</xmax>
			<ymax>98</ymax>
		</bndbox>
	</object>
	<object>
		<name>glasses</name>
		<pose>Unspecified</pose>
		<truncated>0</truncated>
		<difficult>0</difficult>
		<bndbox>
			<xmin>128</xmin>
			<ymin>36</ymin>
			<xmax>181</xmax>
			<ymax>63</ymax>
		</bndbox>
	</object>
</annotation>