<annotation>
	<folder>my-project-name</folder>
	<filename>img65.jpeg</filename>
	<path>/my-project-name/img65.jpeg</path>
	<source>
		<database>Unspecified</database>
	</source>
	<size>
		<width>299</width>
		<height>168</height>
		<depth>3</depth>
	</size>
	<object>
		<name>face</name>
		<pose>Unspecified</pose>
		<truncated>0</truncated>
		<difficult>0</difficult>
		<bndbox>
			<xmin>82</xmin>
			<ymin>6</ymin>
			<xmax>214</xmax>
			<ymax>165</ymax>
		</bndbox>
	</object>
	<object>
		<name>glasses</name>
		<pose>Unspecified</pose>
		<truncated>0</truncated>
		<difficult>0</difficult>
		<bndbox>
			<xmin>97</xmin>
			<ymin>58</ymin>
			<xmax>204</xmax>
			<ymax>89</ymax>
		</bndbox>
	</object>
</annotation>