<annotation>
	<folder>my-project-name</folder>
	<filename>img69.jpg</filename>
	<path>/my-project-name/img69.jpg</path>
	<source>
		<database>Unspecified</database>
	</source>
	<size>
		<width>758</width>
		<height>1000</height>
		<depth>3</depth>
	</size>
	<object>
		<name>face</name>
		<pose>Unspecified</pose>
		<truncated>0</truncated>
		<difficult>0</difficult>
		<bndbox>
			<xmin>134</xmin>
			<ymin>17</ymin>
			<xmax>630</xmax>
			<ymax>600</ymax>
		</bndbox>
	</object>
	<object>
		<name>glasses</name>
		<pose>Unspecified</pose>
		<truncated>0</truncated>
		<difficult>0</difficult>
		<bndbox>
			<xmin>183</xmin>
			<ymin>177</ymin>
			<xmax>571</xmax>
			<ymax>315</ymax>
		</bndbox>
	</object>
</annotation>