<annotation>
	<folder>my-project-name</folder>
	<filename>img60.jpeg</filename>
	<path>/my-project-name/img60.jpeg</path>
	<source>
		<database>Unspecified</database>
	</source>
	<size>
		<width>183</width>
		<height>275</height>
		<depth>3</depth>
	</size>
	<object>
		<name>face</name>
		<pose>Unspecified</pose>
		<truncated>0</truncated>
		<difficult>0</difficult>
		<bndbox>
			<xmin>39</xmin>
			<ymin>30</ymin>
			<xmax>149</xmax>
			<ymax>188</ymax>
		</bndbox>
	</object>
	<object>
		<name>glasses</name>
		<pose>Unspecified</pose>
		<truncated>0</truncated>
		<difficult>0</difficult>
		<bndbox>
			<xmin>56</xmin>
			<ymin>91</ymin>
			<xmax>144</xmax>
			<ymax>123</ymax>
		</bndbox>
	</object>
</annotation>