<annotation>
	<folder>my-project-name</folder>
	<filename>img68.jpg</filename>
	<path>/my-project-name/img68.jpg</path>
	<source>
		<database>Unspecified</database>
	</source>
	<size>
		<width>1000</width>
		<height>1500</height>
		<depth>3</depth>
	</size>
	<object>
		<name>face</name>
		<pose>Unspecified</pose>
		<truncated>0</truncated>
		<difficult>0</difficult>
		<bndbox>
			<xmin>130</xmin>
			<ymin>78</ymin>
			<xmax>850</xmax>
			<ymax>1148</ymax>
		</bndbox>
	</object>
	<object>
		<name>glasses</name>
		<pose>Unspecified</pose>
		<truncated>0</truncated>
		<difficult>0</difficult>
		<bndbox>
			<xmin>94</xmin>
			<ymin>493</ymin>
			<xmax>733</xmax>
			<ymax>694</ymax>
		</bndbox>
	</object>
</annotation>