<annotation>
	<folder>my-project-name</folder>
	<filename>img62.jpeg</filename>
	<path>/my-project-name/img62.jpeg</path>
	<source>
		<database>Unspecified</database>
	</source>
	<size>
		<width>275</width>
		<height>183</height>
		<depth>3</depth>
	</size>
	<object>
		<name>face</name>
		<pose>Unspecified</pose>
		<truncated>0</truncated>
		<difficult>0</difficult>
		<bndbox>
			<xmin>60</xmin>
			<ymin>9</ymin>
			<xmax>161</xmax>
			<ymax>126</ymax>
		</bndbox>
	</object>
	<object>
		<name>glasses</name>
		<pose>Unspecified</pose>
		<truncated>0</truncated>
		<difficult>0</difficult>
		<bndbox>
			<xmin>60</xmin>
			<ymin>65</ymin>
			<xmax>118</xmax>
			<ymax>93</ymax>
		</bndbox>
	</object>
</annotation>