<annotation>
	<folder>my-project-name</folder>
	<filename>img64.jpeg</filename>
	<path>/my-project-name/img64.jpeg</path>
	<source>
		<database>Unspecified</database>
	</source>
	<size>
		<width>217</width>
		<height>232</height>
		<depth>3</depth>
	</size>
	<object>
		<name>face</name>
		<pose>Unspecified</pose>
		<truncated>0</truncated>
		<difficult>0</difficult>
		<bndbox>
			<xmin>31</xmin>
			<ymin>5</ymin>
			<xmax>158</xmax>
			<ymax>222</ymax>
		</bndbox>
	</object>
	<object>
		<name>glasses</name>
		<pose>Unspecified</pose>
		<truncated>0</truncated>
		<difficult>0</difficult>
		<bndbox>
			<xmin>36</xmin>
			<ymin>107</ymin>
			<xmax>147</xmax>
			<ymax>153</ymax>
		</bndbox>
	</object>
</annotation>