<annotation>
	<folder>my-project-name</folder>
	<filename>img61.jpg</filename>
	<path>/my-project-name/img61.jpg</path>
	<source>
		<database>Unspecified</database>
	</source>
	<size>
		<width>3000</width>
		<height>1988</height>
		<depth>3</depth>
	</size>
	<object>
		<name>face</name>
		<pose>Unspecified</pose>
		<truncated>0</truncated>
		<difficult>0</difficult>
		<bndbox>
			<xmin>761</xmin>
			<ymin>111</ymin>
			<xmax>1766</xmax>
			<ymax>1413</ymax>
		</bndbox>
	</object>
	<object>
		<name>glasses</name>
		<pose>Unspecified</pose>
		<truncated>0</truncated>
		<difficult>0</difficult>
		<bndbox>
			<xmin>1020</xmin>
			<ymin>621</ymin>
			<xmax>1724</xmax>
			<ymax>865</ymax>
		</bndbox>
	</object>
</annotation>