<annotation>
	<folder>my-project-name</folder>
	<filename>img77.jpeg</filename>
	<path>/my-project-name/img77.jpeg</path>
	<source>
		<database>Unspecified</database>
	</source>
	<size>
		<width>275</width>
		<height>183</height>
		<depth>3</depth>
	</size>
	<object>
		<name>face</name>
		<pose>Unspecified</pose>
		<truncated>0</truncated>
		<difficult>0</difficult>
		<bndbox>
			<xmin>119</xmin>
			<ymin>26</ymin>
			<xmax>187</xmax>
			<ymax>96</ymax>
		</bndbox>
	</object>
	<object>
		<name>glasses</name>
		<pose>Unspecified</pose>
		<truncated>0</truncated>
		<difficult>0</difficult>
		<bndbox>
			<xmin>124</xmin>
			<ymin>50</ymin>
			<xmax>170</xmax>
			<ymax>76</ymax>
		</bndbox>
	</object>
</annotation>