<annotation>
	<folder>my-project-name</folder>
	<filename>img70.jpg</filename>
	<path>/my-project-name/img70.jpg</path>
	<source>
		<database>Unspecified</database>
	</source>
	<size>
		<width>640</width>
		<height>426</height>
		<depth>3</depth>
	</size>
	<object>
		<name>face</name>
		<pose>Unspecified</pose>
		<truncated>0</truncated>
		<difficult>0</difficult>
		<bndbox>
			<xmin>122</xmin>
			<ymin>7</ymin>
			<xmax>513</xmax>
			<ymax>420</ymax>
		</bndbox>
	</object>
	<object>
		<name>glasses</name>
		<pose>Unspecified</pose>
		<truncated>0</truncated>
		<difficult>0</difficult>
		<bndbox>
			<xmin>141</xmin>
			<ymin>133</ymin>
			<xmax>464</xmax>
			<ymax>210</ymax>
		</bndbox>
	</object>
</annotation>