<annotation>
	<folder>my-project-name</folder>
	<filename>img78.jpeg</filename>
	<path>/my-project-name/img78.jpeg</path>
	<source>
		<database>Unspecified</database>
	</source>
	<size>
		<width>3000</width>
		<height>4500</height>
		<depth>3</depth>
	</size>
	<object>
		<name>face</name>
		<pose>Unspecified</pose>
		<truncated>0</truncated>
		<difficult>0</difficult>
		<bndbox>
			<xmin>664</xmin>
			<ymin>563</ymin>
			<xmax>2237</xmax>
			<ymax>2207</ymax>
		</bndbox>
	</object>
	<object>
		<name>glasses</name>
		<pose>Unspecified</pose>
		<truncated>0</truncated>
		<difficult>0</difficult>
		<bndbox>
			<xmin>1181</xmin>
			<ymin>1119</ymin>
			<xmax>2190</xmax>
			<ymax>1589</ymax>
		</bndbox>
	</object>
</annotation>