<annotation>
	<folder>my-project-name</folder>
	<filename>img75.jpeg</filename>
	<path>/my-project-name/img75.jpeg</path>
	<source>
		<database>Unspecified</database>
	</source>
	<size>
		<width>300</width>
		<height>168</height>
		<depth>3</depth>
	</size>
	<object>
		<name>face</name>
		<pose>Unspecified</pose>
		<truncated>0</truncated>
		<difficult>0</difficult>
		<bndbox>
			<xmin>105</xmin>
			<ymin>4</ymin>
			<xmax>194</xmax>
			<ymax>105</ymax>
		</bndbox>
	</object>
	<object>
		<name>glasses</name>
		<pose>Unspecified</pose>
		<truncated>0</truncated>
		<difficult>0</difficult>
		<bndbox>
			<xmin>121</xmin>
			<ymin>38</ymin>
			<xmax>177</xmax>
			<ymax>58</ymax>
		</bndbox>
	</object>
</annotation>