<annotation>
	<folder>my-project-name</folder>
	<filename>img76.jpeg</filename>
	<path>/my-project-name/img76.jpeg</path>
	<source>
		<database>Unspecified</database>
	</source>
	<size>
		<width>3000</width>
		<height>4500</height>
		<depth>3</depth>
	</size>
	<object>
		<name>face</name>
		<pose>Unspecified</pose>
		<truncated>0</truncated>
		<difficult>0</difficult>
		<bndbox>
			<xmin>617</xmin>
			<ymin>517</ymin>
			<xmax>2738</xmax>
			<ymax>2958</ymax>
		</bndbox>
	</object>
	<object>
		<name>glasses</name>
		<pose>Unspecified</pose>
		<truncated>0</truncated>
		<difficult>0</difficult>
		<bndbox>
			<xmin>664</xmin>
			<ymin>1401</ymin>
			<xmax>1955</xmax>
			<ymax>2113</ymax>
		</bndbox>
	</object>
</annotation>