<annotation>
	<folder>my-project-name</folder>
	<filename>img73.jpeg</filename>
	<path>/my-project-name/img73.jpeg</path>
	<source>
		<database>Unspecified</database>
	</source>
	<size>
		<width>276</width>
		<height>182</height>
		<depth>3</depth>
	</size>
	<object>
		<name>face</name>
		<pose>Unspecified</pose>
		<truncated>0</truncated>
		<difficult>0</difficult>
		<bndbox>
			<xmin>89</xmin>
			<ymin>8</ymin>
			<xmax>184</xmax>
			<ymax>141</ymax>
		</bndbox>
	</object>
	<object>
		<name>glasses</name>
		<pose>Unspecified</pose>
		<truncated>0</truncated>
		<difficult>0</difficult>
		<bndbox>
			<xmin>93</xmin>
			<ymin>76</ymin>
			<xmax>152</xmax>
			<ymax>100</ymax>
		</bndbox>
	</object>
</annotation>