<annotation>
	<folder>my-project-name</folder>
	<filename>img74.jpeg</filename>
	<path>/my-project-name/img74.jpeg</path>
	<source>
		<database>Unspecified</database>
	</source>
	<size>
		<width>640</width>
		<height>420</height>
		<depth>3</depth>
	</size>
	<object>
		<name>face</name>
		<pose>Unspecified</pose>
		<truncated>0</truncated>
		<difficult>0</difficult>
		<bndbox>
			<xmin>172</xmin>
			<ymin>26</ymin>
			<xmax>390</xmax>
			<ymax>278</ymax>
		</bndbox>
	</object>
	<object>
		<name>glasses</name>
		<pose>Unspecified</pose>
		<truncated>0</truncated>
		<difficult>0</difficult>
		<bndbox>
			<xmin>264</xmin>
			<ymin>131</ymin>
			<xmax>381</xmax>
			<ymax>176</ymax>
		</bndbox>
	</object>
</annotation>