<annotation>
	<folder>my-project-name</folder>
	<filename>img79.jpeg</filename>
	<path>/my-project-name/img79.jpeg</path>
	<source>
		<database>Unspecified</database>
	</source>
	<size>
		<width>275</width>
		<height>183</height>
		<depth>3</depth>
	</size>
	<object>
		<name>face</name>
		<pose>Unspecified</pose>
		<truncated>0</truncated>
		<difficult>0</difficult>
		<bndbox>
			<xmin>117</xmin>
			<ymin>8</ymin>
			<xmax>172</xmax>
			<ymax>75</ymax>
		</bndbox>
	</object>
	<object>
		<name>glasses</name>
		<pose>Unspecified</pose>
		<truncated>0</truncated>
		<difficult>0</difficult>
		<bndbox>
			<xmin>127</xmin>
			<ymin>37</ymin>
			<xmax>160</xmax>
			<ymax>50</ymax>
		</bndbox>
	</object>
</annotation>