<annotation>
	<folder>my-project-name</folder>
	<filename>img71.jpeg</filename>
	<path>/my-project-name/img71.jpeg</path>
	<source>
		<database>Unspecified</database>
	</source>
	<size>
		<width>750</width>
		<height>497</height>
		<depth>3</depth>
	</size>
	<object>
		<name>face</name>
		<pose>Unspecified</pose>
		<truncated>0</truncated>
		<difficult>0</difficult>
		<bndbox>
			<xmin>230</xmin>
			<ymin>11</ymin>
			<xmax>554</xmax>
			<ymax>425</ymax>
		</bndbox>
	</object>
	<object>
		<name>glasses</name>
		<pose>Unspecified</pose>
		<truncated>0</truncated>
		<difficult>0</difficult>
		<bndbox>
			<xmin>345</xmin>
			<ymin>176</ymin>
			<xmax>541</xmax>
			<ymax>256</ymax>
		</bndbox>
	</object>
</annotation>