<annotation>
	<folder>my-project-name</folder>
	<filename>img83.jpeg</filename>
	<path>/my-project-name/img83.jpeg</path>
	<source>
		<database>Unspecified</database>
	</source>
	<size>
		<width>225</width>
		<height>225</height>
		<depth>3</depth>
	</size>
	<object>
		<name>face</name>
		<pose>Unspecified</pose>
		<truncated>0</truncated>
		<difficult>0</difficult>
		<bndbox>
			<xmin>59</xmin>
			<ymin>10</ymin>
			<xmax>169</xmax>
			<ymax>144</ymax>
		</bndbox>
	</object>
	<object>
		<name>glasses</name>
		<pose>Unspecified</pose>
		<truncated>0</truncated>
		<difficult>0</difficult>
		<bndbox>
			<xmin>62</xmin>
			<ymin>51</ymin>
			<xmax>156</xmax>
			<ymax>87</ymax>
		</bndbox>
	</object>
</annotation>