<annotation>
	<folder>my-project-name</folder>
	<filename>img89.jpeg</filename>
	<path>/my-project-name/img89.jpeg</path>
	<source>
		<database>Unspecified</database>
	</source>
	<size>
		<width>224</width>
		<height>224</height>
		<depth>3</depth>
	</size>
	<object>
		<name>face</name>
		<pose>Unspecified</pose>
		<truncated>0</truncated>
		<difficult>0</difficult>
		<bndbox>
			<xmin>51</xmin>
			<ymin>7</ymin>
			<xmax>171</xmax>
			<ymax>163</ymax>
		</bndbox>
	</object>
	<object>
		<name>glasses</name>
		<pose>Unspecified</pose>
		<truncated>0</truncated>
		<difficult>0</difficult>
		<bndbox>
			<xmin>73</xmin>
			<ymin>67</ymin>
			<xmax>167</xmax>
			<ymax>92</ymax>
		</bndbox>
	</object>
</annotation>