<annotation>
	<folder>my-project-name</folder>
	<filename>img85.jpg</filename>
	<path>/my-project-name/img85.jpg</path>
	<source>
		<database>Unspecified</database>
	</source>
	<size>
		<width>612</width>
		<height>408</height>
		<depth>3</depth>
	</size>
	<object>
		<name>face</name>
		<pose>Unspecified</pose>
		<truncated>0</truncated>
		<difficult>0</difficult>
		<bndbox>
			<xmin>217</xmin>
			<ymin>43</ymin>
			<xmax>389</xmax>
			<ymax>281</ymax>
		</bndbox>
	</object>
	<object>
		<name>glasses</name>
		<pose>Unspecified</pose>
		<truncated>0</truncated>
		<difficult>0</difficult>
		<bndbox>
			<xmin>228</xmin>
			<ymin>127</ymin>
			<xmax>370</xmax>
			<ymax>183</ymax>
		</bndbox>
	</object>
</annotation>