<annotation>
	<folder>my-project-name</folder>
	<filename>img87.jpeg</filename>
	<path>/my-project-name/img87.jpeg</path>
	<source>
		<database>Unspecified</database>
	</source>
	<size>
		<width>275</width>
		<height>183</height>
		<depth>3</depth>
	</size>
	<object>
		<name>face</name>
		<pose>Unspecified</pose>
		<truncated>0</truncated>
		<difficult>0</difficult>
		<bndbox>
			<xmin>136</xmin>
			<ymin>14</ymin>
			<xmax>213</xmax>
			<ymax>105</ymax>
		</bndbox>
	</object>
	<object>
		<name>glasses</name>
		<pose>Unspecified</pose>
		<truncated>0</truncated>
		<difficult>0</difficult>
		<bndbox>
			<xmin>138</xmin>
			<ymin>51</ymin>
			<xmax>177</xmax>
			<ymax>69</ymax>
		</bndbox>
	</object>
</annotation>