<annotation>
	<folder>my-project-name</folder>
	<filename>img81.jpeg</filename>
	<path>/my-project-name/img81.jpeg</path>
	<source>
		<database>Unspecified</database>
	</source>
	<size>
		<width>183</width>
		<height>275</height>
		<depth>3</depth>
	</size>
	<object>
		<name>face</name>
		<pose>Unspecified</pose>
		<truncated>0</truncated>
		<difficult>0</difficult>
		<bndbox>
			<xmin>65</xmin>
			<ymin>17</ymin>
			<xmax>146</xmax>
			<ymax>116</ymax>
		</bndbox>
	</object>
	<object>
		<name>glasses</name>
		<pose>Unspecified</pose>
		<truncated>0</truncated>
		<difficult>0</difficult>
		<bndbox>
			<xmin>69</xmin>
			<ymin>52</ymin>
			<xmax>134</xmax>
			<ymax>83</ymax>
		</bndbox>
	</object>
</annotation>