<annotation>
	<folder>my-project-name</folder>
	<filename>img80.jpeg</filename>
	<path>/my-project-name/img80.jpeg</path>
	<source>
		<database>Unspecified</database>
	</source>
	<size>
		<width>300</width>
		<height>168</height>
		<depth>3</depth>
	</size>
	<object>
		<name>face</name>
		<pose>Unspecified</pose>
		<truncated>0</truncated>
		<difficult>0</difficult>
		<bndbox>
			<xmin>115</xmin>
			<ymin>3</ymin>
			<xmax>264</xmax>
			<ymax>133</ymax>
		</bndbox>
	</object>
	<object>
		<name>glasses</name>
		<pose>Unspecified</pose>
		<truncated>0</truncated>
		<difficult>0</difficult>
		<bndbox>
			<xmin>126</xmin>
			<ymin>39</ymin>
			<xmax>242</xmax>
			<ymax>87</ymax>
		</bndbox>
	</object>
</annotation>