<annotation>
	<folder>my-project-name</folder>
	<filename>img8.jpeg</filename>
	<path>/my-project-name/img8.jpeg</path>
	<source>
		<database>Unspecified</database>
	</source>
	<size>
		<width>272</width>
		<height>186</height>
		<depth>3</depth>
	</size>
	<object>
		<name>face</name>
		<pose>Unspecified</pose>
		<truncated>0</truncated>
		<difficult>0</difficult>
		<bndbox>
			<xmin>87</xmin>
			<ymin>17</ymin>
			<xmax>167</xmax>
			<ymax>113</ymax>
		</bndbox>
	</object>
	<object>
		<name>glasses</name>
		<pose>Unspecified</pose>
		<truncated>0</truncated>
		<difficult>0</difficult>
		<bndbox>
			<xmin>99</xmin>
			<ymin>56</ymin>
			<xmax>153</xmax>
			<ymax>77</ymax>
		</bndbox>
	</object>
</annotation>