<annotation>
	<folder>my-project-name</folder>
	<filename>img88.jpeg</filename>
	<path>/my-project-name/img88.jpeg</path>
	<source>
		<database>Unspecified</database>
	</source>
	<size>
		<width>318</width>
		<height>159</height>
		<depth>3</depth>
	</size>
	<object>
		<name>face</name>
		<pose>Unspecified</pose>
		<truncated>0</truncated>
		<difficult>0</difficult>
		<bndbox>
			<xmin>101</xmin>
			<ymin>6</ymin>
			<xmax>216</xmax>
			<ymax>128</ymax>
		</bndbox>
	</object>
	<object>
		<name>glasses</name>
		<pose>Unspecified</pose>
		<truncated>0</truncated>
		<difficult>0</difficult>
		<bndbox>
			<xmin>135</xmin>
			<ymin>53</ymin>
			<xmax>209</xmax>
			<ymax>83</ymax>
		</bndbox>
	</object>
</annotation>