<annotation>
	<folder>my-project-name</folder>
	<filename>img92.jpeg</filename>
	<path>/my-project-name/img92.jpeg</path>
	<source>
		<database>Unspecified</database>
	</source>
	<size>
		<width>275</width>
		<height>183</height>
		<depth>3</depth>
	</size>
	<object>
		<name>face</name>
		<pose>Unspecified</pose>
		<truncated>0</truncated>
		<difficult>0</difficult>
		<bndbox>
			<xmin>110</xmin>
			<ymin>7</ymin>
			<xmax>192</xmax>
			<ymax>110</ymax>
		</bndbox>
	</object>
	<object>
		<name>glasses</name>
		<pose>Unspecified</pose>
		<truncated>0</truncated>
		<difficult>0</difficult>
		<bndbox>
			<xmin>116</xmin>
			<ymin>52</ymin>
			<xmax>177</xmax>
			<ymax>72</ymax>
		</bndbox>
	</object>
</annotation>