<annotation>
	<folder>my-project-name</folder>
	<filename>img96.jpeg</filename>
	<path>/my-project-name/img96.jpeg</path>
	<source>
		<database>Unspecified</database>
	</source>
	<size>
		<width>183</width>
		<height>275</height>
		<depth>3</depth>
	</size>
	<object>
		<name>face</name>
		<pose>Unspecified</pose>
		<truncated>0</truncated>
		<difficult>0</difficult>
		<bndbox>
			<xmin>25</xmin>
			<ymin>36</ymin>
			<xmax>151</xmax>
			<ymax>202</ymax>
		</bndbox>
	</object>
	<object>
		<name>glasses</name>
		<pose>Unspecified</pose>
		<truncated>0</truncated>
		<difficult>0</difficult>
		<bndbox>
			<xmin>28</xmin>
			<ymin>111</ymin>
			<xmax>128</xmax>
			<ymax>147</ymax>
		</bndbox>
	</object>
</annotation>