<annotation>
	<folder>my-project-name</folder>
	<filename>img9.jpg</filename>
	<path>/my-project-name/img9.jpg</path>
	<source>
		<database>Unspecified</database>
	</source>
	<size>
		<width>2120</width>
		<height>3000</height>
		<depth>3</depth>
	</size>
	<object>
		<name>face</name>
		<pose>Unspecified</pose>
		<truncated>0</truncated>
		<difficult>0</difficult>
		<bndbox>
			<xmin>539</xmin>
			<ymin>110</ymin>
			<xmax>1609</xmax>
			<ymax>1623</ymax>
		</bndbox>
	</object>
	<object>
		<name>glasses</name>
		<pose>Unspecified</pose>
		<truncated>0</truncated>
		<difficult>0</difficult>
		<bndbox>
			<xmin>691</xmin>
			<ymin>777</ymin>
			<xmax>1494</xmax>
			<ymax>1038</ymax>
		</bndbox>
	</object>
</annotation>