<annotation>
	<folder>my-project-name</folder>
	<filename>img95.jpeg</filename>
	<path>/my-project-name/img95.jpeg</path>
	<source>
		<database>Unspecified</database>
	</source>
	<size>
		<width>194</width>
		<height>259</height>
		<depth>3</depth>
	</size>
	<object>
		<name>face</name>
		<pose>Unspecified</pose>
		<truncated>0</truncated>
		<difficult>0</difficult>
		<bndbox>
			<xmin>56</xmin>
			<ymin>19</ymin>
			<xmax>175</xmax>
			<ymax>151</ymax>
		</bndbox>
	</object>
	<object>
		<name>glasses</name>
		<pose>Unspecified</pose>
		<truncated>0</truncated>
		<difficult>0</difficult>
		<bndbox>
			<xmin>102</xmin>
			<ymin>65</ymin>
			<xmax>169</xmax>
			<ymax>103</ymax>
		</bndbox>
	</object>
</annotation>