<annotation>
	<folder>my-project-name</folder>
	<filename>img98.jpeg</filename>
	<path>/my-project-name/img98.jpeg</path>
	<source>
		<database>Unspecified</database>
	</source>
	<size>
		<width>225</width>
		<height>225</height>
		<depth>3</depth>
	</size>
	<object>
		<name>face</name>
		<pose>Unspecified</pose>
		<truncated>0</truncated>
		<difficult>0</difficult>
		<bndbox>
			<xmin>39</xmin>
			<ymin>9</ymin>
			<xmax>182</xmax>
			<ymax>189</ymax>
		</bndbox>
	</object>
	<object>
		<name>glasses</name>
		<pose>Unspecified</pose>
		<truncated>0</truncated>
		<difficult>0</difficult>
		<bndbox>
			<xmin>59</xmin>
			<ymin>79</ymin>
			<xmax>170</xmax>
			<ymax>124</ymax>
		</bndbox>
	</object>
</annotation>