<annotation>
	<folder>my-project-name</folder>
	<filename>img90.jpeg</filename>
	<path>/my-project-name/img90.jpeg</path>
	<source>
		<database>Unspecified</database>
	</source>
	<size>
		<width>217</width>
		<height>232</height>
		<depth>3</depth>
	</size>
	<object>
		<name>face</name>
		<pose>Unspecified</pose>
		<truncated>0</truncated>
		<difficult>0</difficult>
		<bndbox>
			<xmin>64</xmin>
			<ymin>12</ymin>
			<xmax>187</xmax>
			<ymax>163</ymax>
		</bndbox>
	</object>
	<object>
		<name>glasses</name>
		<pose>Unspecified</pose>
		<truncated>0</truncated>
		<difficult>0</difficult>
		<bndbox>
			<xmin>96</xmin>
			<ymin>62</ymin>
			<xmax>184</xmax>
			<ymax>100</ymax>
		</bndbox>
	</object>
</annotation>