<annotation>
	<folder>my-project-name</folder>
	<filename>image105.jpeg</filename>
	<path>/my-project-name/image105.jpeg</path>
	<source>
		<database>Unspecified</database>
	</source>
	<size>
		<width>275</width>
		<height>183</height>
		<depth>3</depth>
	</size>
	<object>
		<name>face</name>
		<pose>Unspecified</pose>
		<truncated>0</truncated>
		<difficult>0</difficult>
		<bndbox>
			<xmin>95</xmin>
			<ymin>21</ymin>
			<xmax>190</xmax>
			<ymax>136</ymax>
		</bndbox>
	</object>
</annotation>