<annotation>
	<folder>my-project-name</folder>
	<filename>image100.jpeg</filename>
	<path>/my-project-name/image100.jpeg</path>
	<source>
		<database>Unspecified</database>
	</source>
	<size>
		<width>225</width>
		<height>225</height>
		<depth>3</depth>
	</size>
	<object>
		<name>face</name>
		<pose>Unspecified</pose>
		<truncated>0</truncated>
		<difficult>0</difficult>
		<bndbox>
			<xmin>50</xmin>
			<ymin>19</ymin>
			<xmax>185</xmax>
			<ymax>182</ymax>
		</bndbox>
	</object>
</annotation>