<annotation>
	<folder>my-project-name</folder>
	<filename>image51.jpg</filename>
	<path>/my-project-name/image51.jpg</path>
	<source>
		<database>Unspecified</database>
	</source>
	<size>
		<width>1366</width>
		<height>2048</height>
		<depth>3</depth>
	</size>
	<object>
		<name>Face</name>
		<pose>Unspecified</pose>
		<truncated>0</truncated>
		<difficult>0</difficult>
		<bndbox>
			<xmin>192</xmin>
			<ymin>0</ymin>
			<xmax>1197</xmax>
			<ymax>1211</ymax>
		</bndbox>
	</object>
</annotation>