<annotation>
	<folder>my-project-name</folder>
	<filename>image50.jpeg</filename>
	<path>/my-project-name/image50.jpeg</path>
	<source>
		<database>Unspecified</database>
	</source>
	<size>
		<width>1400</width>
		<height>733</height>
		<depth>3</depth>
	</size>
	<object>
		<name>Face</name>
		<pose>Unspecified</pose>
		<truncated>0</truncated>
		<difficult>0</difficult>
		<bndbox>
			<xmin>332</xmin>
			<ymin>19</ymin>
			<xmax>844</xmax>
			<ymax>539</ymax>
		</bndbox>
	</object>
</annotation>