<annotation>
	<folder>my-project-name</folder>
	<filename>image107.jpeg</filename>
	<path>/my-project-name/image107.jpeg</path>
	<source>
		<database>Unspecified</database>
	</source>
	<size>
		<width>194</width>
		<height>259</height>
		<depth>3</depth>
	</size>
	<object>
		<name>face</name>
		<pose>Unspecified</pose>
		<truncated>0</truncated>
		<difficult>0</difficult>
		<bndbox>
			<xmin>42</xmin>
			<ymin>15</ymin>
			<xmax>149</xmax>
			<ymax>174</ymax>
		</bndbox>
	</object>
</annotation>