<annotation>
	<folder>my-project-name</folder>
	<filename>image101.jpeg</filename>
	<path>/my-project-name/image101.jpeg</path>
	<source>
		<database>Unspecified</database>
	</source>
	<size>
		<width>225</width>
		<height>225</height>
		<depth>3</depth>
	</size>
	<object>
		<name>face</name>
		<pose>Unspecified</pose>
		<truncated>0</truncated>
		<difficult>0</difficult>
		<bndbox>
			<xmin>22</xmin>
			<ymin>14</ymin>
			<xmax>150</xmax>
			<ymax>184</ymax>
		</bndbox>
	</object>
</annotation>