<annotation>
	<folder>my-project-name</folder>
	<filename>image102.jpg</filename>
	<path>/my-project-name/image102.jpg</path>
	<source>
		<database>Unspecified</database>
	</source>
	<size>
		<width>1466</width>
		<height>2112</height>
		<depth>3</depth>
	</size>
	<object>
		<name>face</name>
		<pose>Unspecified</pose>
		<truncated>0</truncated>
		<difficult>0</difficult>
		<bndbox>
			<xmin>315</xmin>
			<ymin>121</ymin>
			<xmax>1178</xmax>
			<ymax>1355</ymax>
		</bndbox>
	</object>
</annotation>