<annotation>
	<folder>my-project-name</folder>
	<filename>image4.jpg</filename>
	<path>/my-project-name/image4.jpg</path>
	<source>
		<database>Unspecified</database>
	</source>
	<size>
		<width>4256</width>
		<height>2832</height>
		<depth>3</depth>
	</size>
	<object>
		<name>Face</name>
		<pose>Unspecified</pose>
		<truncated>0</truncated>
		<difficult>0</difficult>
		<bndbox>
			<xmin>643</xmin>
			<ymin>169</ymin>
			<xmax>2847</xmax>
			<ymax>2176</ymax>
		</bndbox>
	</object>
</annotation>