<annotation>
	<folder>my-project-name</folder>
	<filename>image110.jpeg</filename>
	<path>/my-project-name/image110.jpeg</path>
	<source>
		<database>Unspecified</database>
	</source>
	<size>
		<width>275</width>
		<height>183</height>
		<depth>3</depth>
	</size>
	<object>
		<name>face</name>
		<pose>Unspecified</pose>
		<truncated>0</truncated>
		<difficult>0</difficult>
		<bndbox>
			<xmin>108</xmin>
			<ymin>13</ymin>
			<xmax>201</xmax>
			<ymax>134</ymax>
		</bndbox>
	</object>
</annotation>