<annotation>
	<folder>my-project-name</folder>
	<filename>image64.jpg</filename>
	<path>/my-project-name/image64.jpg</path>
	<source>
		<database>Unspecified</database>
	</source>
	<size>
		<width>1455</width>
		<height>1024</height>
		<depth>3</depth>
	</size>
	<object>
		<name>Face</name>
		<pose>Unspecified</pose>
		<truncated>0</truncated>
		<difficult>0</difficult>
		<bndbox>
			<xmin>690</xmin>
			<ymin>52</ymin>
			<xmax>1031</xmax>
			<ymax>392</ymax>
		</bndbox>
	</object>
</annotation>