<annotation>
	<folder>my-project-name</folder>
	<filename>image104.jpeg</filename>
	<path>/my-project-name/image104.jpeg</path>
	<source>
		<database>Unspecified</database>
	</source>
	<size>
		<width>224</width>
		<height>225</height>
		<depth>3</depth>
	</size>
	<object>
		<name>face</name>
		<pose>Unspecified</pose>
		<truncated>0</truncated>
		<difficult>0</difficult>
		<bndbox>
			<xmin>39</xmin>
			<ymin>16</ymin>
			<xmax>174</xmax>
			<ymax>178</ymax>
		</bndbox>
	</object>
</annotation>