<annotation>
	<folder>my-project-name</folder>
	<filename>image106.jpeg</filename>
	<path>/my-project-name/image106.jpeg</path>
	<source>
		<database>Unspecified</database>
	</source>
	<size>
		<width>225</width>
		<height>225</height>
		<depth>3</depth>
	</size>
	<object>
		<name>face</name>
		<pose>Unspecified</pose>
		<truncated>0</truncated>
		<difficult>0</difficult>
		<bndbox>
			<xmin>53</xmin>
			<ymin>18</ymin>
			<xmax>141</xmax>
			<ymax>126</ymax>
		</bndbox>
	</object>
</annotation>